"1-800-GOT-JUNK? Downtown Vancouver","296","Apartments, Condos, and Houses"
"10 Perimeter Park","69","Dentists"
"100 Landsdowne","239","Contractors"
"101 Restaurant","296","Apartments, Condos, and Houses"
"101 West End","69","Dentists"
"1105 Town Brookhaven - BRAND NEW LUXURY!","247","Heating, Ventilating and Air Conditioning"
"11th Floor Creative","296","Apartments, Condos, and Houses"
"1623 Belmont","75","Medical Supplies and Labs"
"16M Residences","239","Contractors"
"212 Test","269","Legal"
"25dollarcarunlock","296","Apartments, Condos, and Houses"
"3D Dental","296","Apartments, Condos, and Houses"
"47 Gourmet Deli","69","Dentists"
"5 Star Performance Insulation, Inc.","69","Dentists"
"696 Gourmet Deli","69","Dentists"
"700 Woodrow","409","Boating"
"7970 Grand","275","Manufacturing"
"8000 Waters","69","Dentists"
"A & J Mobility","69","Dentists"
"A & K Services Heating & Cooling","269","Legal"
"A - 1 Portable Toilets Inc","269","Legal"
"A Dental Care 24Hrs - A Group of Shamlian Dental","296","Apartments, Condos, and Houses"
"A LOT OF BOUNCE","296","Apartments, Condos, and Houses"
"A Packaging Resource Inc","69","Dentists"
"A Professional Dental Corp","239","Contractors"
"A Step Above","88","Family Medicine"
"A Storage Place","296","Apartments, Condos, and Houses"
"A&M Floral Shop","259","Plumbing"
"A-1 Reliable Parts","296","Apartments, Condos, and Houses"
"A1 Signs","79","Nurses"
"AAA Moving & Storage","69","Dentists"
"AAA Storage Buildings","296","Apartments, Condos, and Houses"
"ABC Awning Company","239","Contractors"
"ABQ Uptown Village","83","Physicians"
"ADC Dental Clinic Inc","353","Delis"
"AHJ Engineers PC","305","Veterinarians"
"AIY Properties","296","Apartments, Condos, and Houses"
"AK Quality Water Conditioning LLC","244","Electricians"
"ALL AMERICAN FINISHING","247","Heating, Ventilating and Air Conditioning"
"AMLI on Day Creek","79","Nurses"
"AMS Auto","9","Maintenance and Repair"
"AP Progressive Dental","69","Dentists"
"ASAP Wildlife Control","91","Internal Medicine"
"AT&T","13","Transmissions"
"ATLAS MOTOR LINK","347","Restaurants"
"ATMs For Less","69","Dentists"
"ATS-Auto Tech Specialists","296","Apartments, Condos, and Houses"
"Abba Monument Co","296","Apartments, Condos, and Houses"
"Abberly Village","466","Optometrist"
"Abbeville Dentistry: Kharrat Lena DDS","269","Legal"
"Abel Auto Inc","296","Apartments, Condos, and Houses"
"Abernathy Lock & Key","299","Commercial Real Estate"
"Abesque Variations","239","Contractors"
"Ability Lock & Key","137","Construction Supplies"
"Above & Beyond Roofing LLC","239","Contractors"
"Absolute Seamless Gutters and Patio Enclosures","209","Computers"
"Acacia Counselling Services Ltd","69","Dentists"
"Academy Auto Sales","69","Dentists"
"Academy Terrace Apartment Homes","239","Contractors"
"Acadia Vermilion Hospital","69","Dentists"
"Acadiana Transmission","288","Printing, Copying and Signage"
"Acclaimed Dentistry","151","Candy Stores"
"Activa360","69","Dentists"
"Adam M. Foard Law, LLC","239","Contractors"
"Adams & Adams Attorneys","69","Dentists"
"Add Value International Inc. o/a GoMobileAppsSolutions.com","69","Dentists"
"Addison Dental Group","259","Plumbing"
"Addison at South Tryon","296","Apartments, Condos, and Houses"
"Admirals Cove Apartments","269","Legal"
"Adoption By Shepherd Care","280","Beauty Salons and Barbers"
"Adoption Services","126","Arts and Crafts"
"Adrio Orthodontics and Periodontics","4","Car Dealers and Leasing"
"Advanced Aesthetic Dentistry, LLC","296","Apartments, Condos, and Houses"
"Advanced Back Care","296","Apartments, Condos, and Houses"
"Advanced Collision Service","247","Heating, Ventilating and Air Conditioning"
"Advanced Dentistry","69","Dentists"
"Advanced Dermatology","69","Dentists"
"Advanced Dermatology and Dermaesthetics of Louisville","77","Counseling and Therapy"
"Advanced Endodontics: Gentile-Fiori Andrea DDS","258","Pest Control"
"Advanced Endodontics: Hope Keith DDS","451","Golf Courses"
"Advanced Therapy Specialist","99","Plastic Surgeons"
"Adventure Dental, Vision and Orthodontics","83","Physicians"
"Aesthetic Dentistry","244","Electricians"
"AestheticA Skin Health Center","9","Maintenance and Repair"
"Affinity Labs","171","Supermarkets and Groceries"
"Affordable Dentures: Benson Dawn J DDS","296","Apartments, Condos, and Houses"
"Affordable Home Improvements","255","Mobile Homes"
"Affordable Pest Control Inc","221","Banking and Finance"
"Affordable Stump Grinding","239","Contractors"
"Affordablebuttons.com","348","American"
"Airport Home Appliance","74","Hospitals, Clinics and Medical Centers"
"Airport Limousine","6","Car Parts and Accessories"
"Aitken Family Dentistry: Aitken Matthew J DDS","177","Businesses and Services"
"Akron Dental Care","296","Apartments, Condos, and Houses"
"Aladdin Lamp Realty","5","Used Cars"
"Alamex","239","Contractors"
"Alanson Randol DDS","170","Sporting Goods"
"Alante at the Islands","348","American"
"Alaska Coral & Fish","69","Dentists"
"Alaska Dental Arts","296","Apartments, Condos, and Houses"
"Albertson Village","269","Legal"
"Aliso Kids Dental and Orthodontics","69","Dentists"
"All American Chrylser Jeep Dodge of Midland","69","Dentists"
"All Around Fence Co","247","Heating, Ventilating and Air Conditioning"
"All Caring Dental","9","Maintenance and Repair"
"All Season Party & Tent Rental","69","Dentists"
"All-State Restaurant Equipment Company","275","Manufacturing"
"Allasen Carpet Co","235","Home Improvement"
"Allegheny Industrial supply","86","Dermatologists"
"Allegra.ca Marketing Print Web - Vancouver - False Creek","296","Apartments, Condos, and Houses"
"Allen Tate Realtors","69","Dentists"
"Allied Fence Co","69","Dentists"
"Allstate Insurance: Tonda Phillips","9","Maintenance and Repair"
"Alpine Village Dental Torrance","239","Contractors"
"Alta Berewick","133","Computers and Electronics"
"Amarillo Dental Solutions","296","Apartments, Condos, and Houses"
"Amarillo Dental Spa: Whittington R D DDS","296","Apartments, Condos, and Houses"
"Amarillo Family Dentistry PA: Barry Larry A DDS","69","Dentists"
"Amarillo Pediatric Dentistry: Moore Shane DDS","183","Petroleum"
"American Carpet One Floor & Home","348","American"
"American Heating & Air","288","Printing, Copying and Signage"
"American Pen & Panel","385","Gyms and Fitness Centers"
"American Success Dog Training","445","Party Supplies"
"Amerismiles Dental","13","Transmissions"
"Amit Desai","82","Sports Medicine"
"Amos Maney & Payne CPA's LLC","83","Physicians"
"Anastasia Law","248","Home Appliances"
"Anderson & Associates Law Firm PLLC","296","Apartments, Condos, and Houses"
"Anderson James R DDS","296","Apartments, Condos, and Houses"
"Andover at Crabtree","170","Sporting Goods"
"Andrew Frank DDS","296","Apartments, Condos, and Houses"
"Angelina Anisimova, DDS","69","Dentists"
"Angels of Care","69","Dentists"
"Animal Emergency Clinic","239","Contractors"
"Animal House Veterinary Hospital","69","Dentists"
"Anna's Flowers & Gifts","258","Pest Control"
"Ansley Commons Apartments,","69","Dentists"
"Antelope Creek Family Dentistry","296","Apartments, Condos, and Houses"
"Anthony Kim D.D.S.","296","Apartments, Condos, and Houses"
"Apex At Ashton Green","296","Apartments, Condos, and Houses"
"Apple Dental: Brice Devin DDS","69","Dentists"
"Apple River Refrigeration & Heating","239","Contractors"
"Aravia....Property of the Year!!","296","Apartments, Condos, and Houses"
"Arbor Day Tree Care","69","Dentists"
"Arborist Services LLC","123","Retail"
"Archer on North","204","Agriculture and Forestry"
"Arctic RV & Interior Topper","193","Advertising and Marketing"
"Area Dental Associates PC","296","Apartments, Condos, and Houses"
"Arizona Oncology Associates PC: Patel Niraj R DDS","296","Apartments, Condos, and Houses"
"Arizona Outdoor Products LLC","69","Dentists"
"Ark Veterinary Clinic","62","Healthcare"
"Arlington Sewing Machine","269","Legal"
"Arrowhead Creekside Dental","269","Legal"
"Art Parts Signs","69","Dentists"
"Art Shop The","282","Massage Clinics and Therapists"
"Art Work Studio School","269","Legal"
"Artistic Orthodontics","69","Dentists"
"Ascend Performance Materials","74","Hospitals, Clinics and Medical Centers"
"Ashford Embry Hills","69","Dentists"
"Ashland Dental","445","Party Supplies"
"Ashland Family Dentistry - Drs Layer Beck and Cullen","9","Maintenance and Repair"
"Aspen Ridge Dental Care","289","Professional Cleaning"
"Aspenridge","204","Agriculture and Forestry"
"Associated Oral Surgeons","69","Dentists"
"Astoria Tower","296","Apartments, Condos, and Houses"
"Astro Heating and Cooling","215","Media"
"Atlantic Packaging Co","239","Contractors"
"Atlantic Self Storage - Baymeadow / 295 Facility","353","Delis"
"Auburn Dental Care","296","Apartments, Condos, and Houses"
"Auburn Family Dentistry: Painter David D DDS","10","Oil and Lube"
"Auburn Plumbing & Heating","212","Employment Agencies"
"Audubon Dental and Implant Center","358","Italian"
"Augusta Center for Health & Rehabilitation","206","Audiovisual"
"Augusta Cooperative Farm Bureau, Inc.","74","Hospitals, Clinics and Medical Centers"
"Aurum","444","Office Supplies"
"Automation Displays","69","Dentists"
"Automotive Car Care Centers","69","Dentists"
"Autumn Creek Apartments","296","Apartments, Condos, and Houses"
"Avalon Dental Care","167","Pets"
"Avalon RV Center","69","Dentists"
"Aw Shucks","23","Day Care and Preschools"
"Aztec Pacific","296","Apartments, Condos, and Houses"
"Aztec Rentals Of Hobbs","231","Catering"
"Azure Glendale","280","Beauty Salons and Barbers"
"Azzawi Dental","209","Computers"
"B","239","Contractors"
"B & J Wholesale LLC","449","Photography"
"BCR Inc","239","Contractors"
"BME Pest Control & Lawn Services","312","Bars"
"BMP Dental","239","Contractors"
"BMW of Des Moines","463","Arcades"
"BREATHE DAY SPA AND SALON","4","Car Dealers and Leasing"
"Bailey Creek Apartments","69","Dentists"
"Bain Pest Control Service","69","Dentists"
"Balance Point Heating and Air Conditioning","69","Dentists"
"Balanced Books, LLP","296","Apartments, Condos, and Houses"
"Barbacoa","305","Veterinarians"
"Barstow Dental Center","225","Financial Planning and Investments"
"Barstow Veterans Home of Ca: Fajardo Michael DDS","69","Dentists"
"Barton-McDermott Funeral Home Inc","296","Apartments, Condos, and Houses"
"Bashi V H DDS","69","Dentists"
"Baskin robbins","69","Dentists"
"Basswood Apartments","255","Mobile Homes"
"Battery Place Market-240(Goldman Sachs Bldg)","69","Dentists"
"Battery Place Market-77","239","Contractors"
"Bay Climate Control Inc","296","Apartments, Condos, and Houses"
"Bay Hills Apartments","144","Jewelry and Watches"
"Bay Parc Plaza Apartments","296","Apartments, Condos, and Houses"
"Bayton Communication Services","4","Car Dealers and Leasing"
"Beauticontrol by Lynn","129","Bicycles"
"Beaver Brook Gardens","66","Facilities and Nursing Homes"
"Bed and Biscuit, LLC","261","Roofers"
"Bella of Baton Rouge","385","Gyms and Fitness Centers"
"Belmont Station","296","Apartments, Condos, and Houses"
"Benchmark Wood Studio","69","Dentists"
"Benjamin and Marisa Choy Dental Office","123","Retail"
"Benton House of Blue Springs","164","Nurseries and Garden Centers"
"Berg Greg DDS","272","Insurance"
"Berkeley Monument & Sign LLC","69","Dentists"
"Berkeley Power Sports","296","Apartments, Condos, and Houses"
"Bern Signs Inc","79","Nurses"
"Bernard V Davis Attorney At Law","79","Nurses"
"Berrington Village","69","Dentists"
"Best Self Storage","167","Pets"
"Best Sports & Stitches","296","Apartments, Condos, and Houses"
"Beverly Hills Center For Orthognathic and Maxillofacial Surgery","69","Dentists"
"Beverly Hills Cosmetic Dental: Boyajian A J DDS","377","Combat Sports"
"Beverly Hills Dentistry Los Angeles Dental Group Eric M Donaty DMD Inc","69","Dentists"
"Beverly Hills Pediatric Dental Care Inc.","348","American"
"Big Steve's Gold & Pawn Emporium","170","Sporting Goods"
"Big Valley Sanitation","69","Dentists"
"Bigelow Pastrell and Buchanan: Buchanan Justin D DDS","69","Dentists"
"Bill Gatton Honda","88","Family Medicine"
"Bill Marsh Ford","66","Facilities and Nursing Homes"
"Binkley Endodontics: Binkley Steve DDS","296","Apartments, Condos, and Houses"
"Bio Logic","451","Golf Courses"
"Black Hills Endodontic Associates: L. Jeff Adams D.D.S.","449","Photography"
"Black Lake Apartments","296","Apartments, Condos, and Houses"
"Black Plumbing","69","Dentists"
"Blaisdells Business Products","296","Apartments, Condos, and Houses"
"Blake's Family Pharmacy","69","Dentists"
"Blarney Pub & Grill","204","Agriculture and Forestry"
"Blasdell Pizza (Blasdell)","296","Apartments, Condos, and Houses"
"Bliss by Arctic Spas","69","Dentists"
"Blu Oasis Dental","9","Maintenance and Repair"
"Blue Gibbon Chinese Restaurant","296","Apartments, Condos, and Houses"
"Bluebonnet  Hills","269","Legal"
"Boca Bargoons Fabrics","69","Dentists"
"Boca Raton Condominium","69","Dentists"
"Bodywaves,Inc.","348","American"
"Bolder Staffing, Inc. (BSI) & Bolder Professional Placements (BP2)","9","Maintenance and Repair"
"Bolton & Lunsford Funeral Homes","351","Burgers"
"Bon Voyage Travel","177","Businesses and Services"
"Boostability","296","Apartments, Condos, and Houses"
"Borealis Window Cleaning","296","Apartments, Condos, and Houses"
"Boutin's","4","Car Dealers and Leasing"
"Braces For All Ages: Stenftenagel Brenda DDS","69","Dentists"
"Braeger Chevrolet","296","Apartments, Condos, and Houses"
"Braendel Painting & Services Inc","88","Family Medicine"
"Bragg used appliance","69","Dentists"
"Brandon King Land Surveying","296","Apartments, Condos, and Houses"
"Brandywine Apartments","409","Boating"
"Bread and Butter","296","Apartments, Condos, and Houses"
"Breakfast Club","69","Dentists"
"Brenna Hamrick-Stotts DDS inc.","239","Contractors"
"Brentwood Dental Group","296","Apartments, Condos, and Houses"
"Brian G. Criss DDS","296","Apartments, Condos, and Houses"
"Bridgeport Dental Partners","239","Contractors"
"BrightStar Care","296","Apartments, Condos, and Houses"
"BrightStar Care Encinitas/N. San Diego (HHA)","69","Dentists"
"BrightStar Care Oceanside (HHA)","69","Dentists"
"Brighter Dental","69","Dentists"
"Brighton Sound","251","Interior Design"
"Brodie Dental LLC","238","Carpet and Flooring"
"Brookside Crossing","69","Dentists"
"Brower Dental Health","253","Landscaping and Gardeners"
"Brown Funeral Homes & Cremations","363","Pizza"
"Bruce E Jones D.D.S.","69","Dentists"
"Buenz U Save Pharmacy & Gifts","69","Dentists"
"Builders Warehouse","436","Hotels and Motels"
"Building Waters Inc.","69","Dentists"
"Bullock Roofing","69","Dentists"
"Burkholder Manufacturing Inc.","347","Restaurants"
"Burns Full Service LLC","69","Dentists"
"Burrows Cabinet Works","69","Dentists"
"Burt's Transmission Clinic","9","Maintenance and Repair"
"Bussick Orthodontics","288","Printing, Copying and Signage"
"Busy Bee Plumbing & Septic Service","69","Dentists"
"Byrne James DDS","69","Dentists"
"C C Gymnastics Llc","288","Printing, Copying and Signage"
"C J Prevost Insurance Agency Inc","69","Dentists"
"CGJR DEVELOPMENT, LLC","9","Maintenance and Repair"
"CHRIS KIEFER CONSTRUCTION","69","Dentists"
"CHRISTINE NGUYEN, DDS, PA","69","Dentists"
"CNC Wood Sales","69","Dentists"
"CYBER TRANSMISSIONS","296","Apartments, Condos, and Houses"
"Cabinet X","35","Tutoring and Educational Services"
"Cable Installer Houston Texas - Fiber, Network, Cat5, Cat6, Data","367","Thai"
"Cabo Grill Mexican Restaurant","278","Dry Cleaning, Ironing and Laundry"
"Cafe China","238","Carpet and Flooring"
"Cafe Lafayette","296","Apartments, Condos, and Houses"
"Cafe Oliviero","237","Carpenters"
"Cakes By Tina","282","Massage Clinics and Therapists"
"Cal's Park &amp; Sell","388","Campgrounds and RV Parks"
"Callahan & Son Plumbing & Septic","252","Kitchens"
"Cambridge Club Apartments","296","Apartments, Condos, and Houses"
"Campus Corner","256","Movers"
"Cannistraci Ortho: Cannistraci Laura R DDS","299","Commercial Real Estate"
"Canyon Ridge Oral Surgery","183","Petroleum"
"Canyon Villa Apartments","296","Apartments, Condos, and Houses"
"Capital Estates","65","Home Health Care Services"
"Capital Exports Inc","149","Food and Beverage"
"Capitol Dental Associates: Shu Mang Chou DDS","242","Sewer"
"Capitol Yards","178","Business and Strategy Consulting"
"Caprock","262","Storage"
"Capsulenet LLC","68","Chiropractors"
"Capt Terry Pitz Fishing Southwest Florida","74","Hospitals, Clinics and Medical Centers"
"Care Resource / Dr. Klara Gershman, MD","170","Sporting Goods"
"Career Factor LLC","275","Manufacturing"
"Carepoint Dental - Henderson","9","Maintenance and Repair"
"Carewell Dental","66","Facilities and Nursing Homes"
"Caring Family Dentistry Inc","239","Contractors"
"Carlisle Associates, Inc.","88","Family Medicine"
"Carlyle of Sandy Springs","247","Heating, Ventilating and Air Conditioning"
"Carmel Canyon","69","Dentists"
"Carmel Dental Associates","296","Apartments, Condos, and Houses"
"Carnelian Family Dentistry: Tao George DDS","296","Apartments, Condos, and Houses"
"Carol Jean Curry","296","Apartments, Condos, and Houses"
"Carolina Collectibles","125","Antiques"
"Carolina Comfort Dental","296","Apartments, Condos, and Houses"
"Carolina Crossing","293","Real Estate Agents"
"Carpet Corner","296","Apartments, Condos, and Houses"
"Carpet World","296","Apartments, Condos, and Houses"
"Carpet Your World","244","Electricians"
"Carrington Oaks","137","Construction Supplies"
"Carrizales Law Offices","259","Plumbing"
"Carson Landscape dba Turf Pro","272","Insurance"
"Carter Springs Village Apartments","34","Primary and Secondary Schools"
"Casa Loma - HSL","69","Dentists"
"Casa Marin","305","Veterinarians"
"Casa Tequila","296","Apartments, Condos, and Houses"
"Casa del Coronado","69","Dentists"
"Castair","436","Hotels and Motels"
"Castello Agency Inc","348","American"
"Castle Rock Family Dental","69","Dentists"
"Cecelia's Golf Course","69","Dentists"
"Cedar Creek Village","296","Apartments, Condos, and Houses"
"Cedarrock Dental Care","439","Tourist Information and Services"
"Cent Anni","69","Dentists"
"Centennial Park Apartments","69","Dentists"
"Center For Modern Dentistry","239","Contractors"
"Center for Cosmetic Dentistry - Steven F. Puffer, DMD and Vernon Gaffner, DMD","69","Dentists"
"Centerpoint Productions Inc","296","Apartments, Condos, and Houses"
"Century Plaza Apartments","69","Dentists"
"Certified Auto","69","Dentists"
"Certified Safety Valve Repair","69","Dentists"
"Chabill's Tire Traxx","296","Apartments, Condos, and Houses"
"Chamber of Business and Industry of Centre County","36","Vocational Schools"
"Champion Care Inc","69","Dentists"
"Chandler Crossings","269","Legal"
"Chandler Dentist - Jeffrey S. Garelick DDS","347","Restaurants"
"Charlotte Family Housing","296","Apartments, Condos, and Houses"
"Charlotte's Magic Movers","296","Apartments, Condos, and Houses"
"Charmed Catering","239","Contractors"
"Chatsworth Apartments","55","Churches"
"Chef Jan Kitchen","280","Beauty Salons and Barbers"
"Chesapeake Mill","135","Mobile Phones"
"Chesterfield Trading Co Inc","296","Apartments, Condos, and Houses"
"Cheyenne Mountain Dental Group","245","Fences, Fireplaces and Garage Doors"
"Chief Andrew Issac Health Clinic","69","Dentists"
"Chief Fire Systems","260","Pools and Spas"
"Child S.H.A.R.E.","26","Education"
"Childers & McCain, L.L.C.","127","Auctions"
"Chimney Cricket USA","69","Dentists"
"Chino Hills Dental Group: Manalese Jose J DDS","238","Carpet and Flooring"
"Chino Hills Dental Group: Sambangi Manoranjani DDS","243","Doors and Windows"
"Chino Valley Pediatric Dentistry","296","Apartments, Condos, and Houses"
"ChipBLASTER Inc","319","Amusement Parks"
"Chisholm Lake Apartments","296","Apartments, Condos, and Houses"
"Choi's Dragon Martial Arts","143","Clothing and Accessories"
"Christ Lutheran","6","Car Parts and Accessories"
"Christians' Greenhouse & Garden Center","69","Dentists"
"Chrysler of Culpeper","296","Apartments, Condos, and Houses"
"Churubusco Family Dentistry: Hladin Dionne J DDS","257","Painting"
"Cinco de Mayo Authentic Mexican","239","Contractors"
"CincodeMayoAuthenticMexican2","69","Dentists"
"Circle Creek","269","Legal"
"City Bicycle Works","348","American"
"City Dental - Portland","296","Apartments, Condos, and Houses"
"City Gables","69","Dentists"
"City Paint & Body","296","Apartments, Condos, and Houses"
"Clairmont On The Green","296","Apartments, Condos, and Houses"
"Claremont","385","Gyms and Fitness Centers"
"Clarkson Self Storage","69","Dentists"
"Classic Arms","247","Heating, Ventilating and Air Conditioning"
"Classic Dentures of Maine","148","Florists"
"Clean Community System","349","Barbecue"
"Cleaning Solution LLC","69","Dentists"
"Clear Water Services","296","Apartments, Condos, and Houses"
"Clocktower Animal Hospital","69","Dentists"
"Clyatt Well Drilling Inc","69","Dentists"
"Clymer Hall & Davis","69","Dentists"
"Co's BMW Center","296","Apartments, Condos, and Houses"
"Coastal Eye Care","126","Arts and Crafts"
"Cobra Brewery","296","Apartments, Condos, and Houses"
"Cockrum Heating & Cooling","69","Dentists"
"Cody Dental Group","358","Italian"
"College Hunks Hauling Junk - Tampa, FL","296","Apartments, Condos, and Houses"
"Collin Creek Dental: Whiting Larry D DDS","262","Storage"
"Colonies North Dental Care","69","Dentists"
"Columbia Dental","69","Dentists"
"Comfort Dental: Clayton Mark R DDS","123","Retail"
"Comfort Pest Control","55","Churches"
"Commerx Corporation","17","RVs and Motor Homes"
"Community Health Center-New Brtn: Calcaterra Carla G DDS","296","Apartments, Condos, and Houses"
"Community Health Center-Old Sybrk: Gittleman-Muns Alicia L DDS","356","French"
"Community Health Centers","243","Doors and Windows"
"Community Hospice","296","Apartments, Condos, and Houses"
"Community Journals","65","Home Health Care Services"
"Complete Tree Care of Southern CO","213","Engineering"
"Comprehensive Dental Care: Elliott Elizabeth A DDS","37","Government Departments and Agencies"
"Computer Resources","239","Contractors"
"Conceptual Systems Corporation","296","Apartments, Condos, and Houses"
"Concord Place","312","Bars"
"Confederated Tribes of Coos Lower Umpqua and Siuslaw Indians Dental Clinic","177","Businesses and Services"
"Connecticut Asthma and Allergy: Radulescu Diana M DDS","296","Apartments, Condos, and Houses"
"Connecticut Maxillofacial: Weyman Brett DDS","239","Contractors"
"Connors & Ferris LLP","69","Dentists"
"Consignment Embassy","361","Mexican"
"Consolidated Office Systems","258","Pest Control"
"Constantine's Delicatessen","69","Dentists"
"Continental Transmissions","296","Apartments, Condos, and Houses"
"Conwell Isotalo Insurance Services","296","Apartments, Condos, and Houses"
"Cook's Nook","94","Oncologists"
"Cooper's Ranch Apartments","275","Manufacturing"
"Copper Canyon","247","Heating, Ventilating and Air Conditioning"
"Coral Springs Dental Associates","5","Used Cars"
"Corenso North America","69","Dentists"
"Cornhusker Beverage & Bridal","55","Churches"
"Cosmetology Training Center","69","Dentists"
"Cottage Grove Road Dental","69","Dentists"
"Coty Briggs","239","Contractors"
"Country Gardens","269","Legal"
"County Dental at Fishkill","69","Dentists"
"Craddock Roofing","282","Massage Clinics and Therapists"
"Crater Square & First Colony Apartments","233","Funeral Services"
"Creative Framing","239","Contractors"
"Creekview Family Dentistry","88","Family Medicine"
"Cross Creek","247","Heating, Ventilating and Air Conditioning"
"Cross Timber Apartments","247","Heating, Ventilating and Air Conditioning"
"CrossFit Muscle Farm","239","Contractors"
"Crossing at Daybreak Apartment Homes","69","Dentists"
"Crosstimbers","385","Gyms and Fitness Centers"
"Crossville Family Chiropractic","293","Real Estate Agents"
"Crown Group Co the","280","Beauty Salons and Barbers"
"Cunningham Living","239","Contractors"
"Cupie's Drive-In","69","Dentists"
"Custom Distributing","69","Dentists"
"Custom Rod & Reel, Inc.","69","Dentists"
"Cut Above Renovations LLC","445","Party Supplies"
"Cynthia Glacken Assoc Inc","269","Legal"
"Cypress Lake Animal Hospital","4","Car Dealers and Leasing"
"Cypress Run","296","Apartments, Condos, and Houses"
"D & K Carpet Cleaning","233","Funeral Services"
"D & S Land Surveying Inc","363","Pizza"
"D&R Heating and Cooling","262","Storage"
"D.G. Smyth & Co., Inc.","144","Jewelry and Watches"
"DEMARCHE CONSULTING GROUP, INC","239","Contractors"
"DIGITAL PHOTOS BY PAMELA","233","Funeral Services"
"DRAFTECHi LLC","296","Apartments, Condos, and Houses"
"DWV Plumbing Inc","69","Dentists"
"Daisy Dooks","69","Dentists"
"Dakota Dunes Country Club","288","Printing, Copying and Signage"
"Dale's Quality Car Care","69","Dentists"
"Dallas Emergency Dentist","69","Dentists"
"Dallas Endodontics P.A.","69","Dentists"
"Dalton Heating & Cooling Incorporated","69","Dentists"
"Daniel B. Strader DDS","296","Apartments, Condos, and Houses"
"Daniel N. Minchik DDS","296","Apartments, Condos, and Houses"
"Dartford Square","358","Italian"
"Dave Stang's Certified Tree Care","9","Maintenance and Repair"
"Dave's Auto Body","342","Cafes, Coffee and Tea Houses"
"David L.  Bonk","65","Home Health Care Services"
"David M Fantarella DMD","242","Sewer"
"David Norman - State Farm Insurance","243","Doors and Windows"
"Davidowitz Morris DDS","238","Carpet and Flooring"
"Davidson Plumbing & Welding Inc","6","Car Parts and Accessories"
"Davis Dental Family and Cosmetic Dentistry","90","General Surgery"
"Davis the Bug Busters","296","Apartments, Condos, and Houses"
"Day Creek Dental Care: Son Christine A DDS","296","Apartments, Condos, and Houses"
"DeBellevue Robert M MD","22","Cemeteries"
"DeMontrond Chevrolet","296","Apartments, Condos, and Houses"
"Dean's Automatic Transmission Service","69","Dentists"
"Deiters Funeral Home","69","Dentists"
"Delp Monument Co","296","Apartments, Condos, and Houses"
"Dental Associates of Moreno Valley","361","Mexican"
"Dental Excellence","296","Apartments, Condos, and Houses"
"Dental Excellence of Brandon","363","Pizza"
"Dental Health Associates of Madison","144","Jewelry and Watches"
"Dental Spa: Hogan Lisa DDS","69","Dentists"
"Dental Specialties Pc: Rakes George M DDS","220","Accounting and Bookkeeping"
"Dental Urgent Care","466","Optometrist"
"Dental Vision","239","Contractors"
"Dentistry For Kids: Evans James A DDS","239","Contractors"
"Dentures & Dental Services - Cypress","358","Italian"
"Dentus Dental Center","347","Restaurants"
"Desert Gastroenterology: Rivera Steven T DDS","296","Apartments, Condos, and Houses"
"Diamond Forest","9","Maintenance and Repair"
"Diamond Lakes Apartment Homes","12","Tires"
"Dillon Brothers","243","Doors and Windows"
"Dillons Restaurant & Sports Bar","69","Dentists"
"Dina Dental","10","Oil and Lube"
"Dinoto, Anthony C Funeral Home Inc","69","Dentists"
"Discovery Dental","296","Apartments, Condos, and Houses"
"Dolphin Dental Care - Dr. Ivan O. Parra, DDS","36","Vocational Schools"
"Don's Seafood Hut","4","Car Dealers and Leasing"
"Don's Sports Cards","69","Dentists"
"Donald E Finch PC","69","Dentists"
"Donner Photographic Inc","296","Apartments, Condos, and Houses"
"Donovan Data Systems","296","Apartments, Condos, and Houses"
"Doolittle Funeral Service Inc","269","Legal"
"Dorn Pump Service","143","Clothing and Accessories"
"Dr Andrew Kassman","351","Burgers"
"Dr Yani Holistic and Healing Dentistry","299","Commercial Real Estate"
"Dr. Aaron D. Johnson DMD The Smile Center","143","Clothing and Accessories"
"Dr. Ahmed A. Soboh DDS","245","Fences, Fireplaces and Garage Doors"
"Dr. Alan S. Joseph DDS","4","Car Dealers and Leasing"
"Dr. Amit Shah DDS","306","Web Design and Development"
"Dr. Andrew G. Pullinger DDS","5","Used Cars"
"Dr. Bill F. Mcmasters, DDS","69","Dentists"
"Dr. Brandon R. Maddox, DMD","239","Contractors"
"Dr. Brian W. Allmendinger DDS","272","Insurance"
"Dr. Bruce C McArthur, DDS","296","Apartments, Condos, and Houses"
"Dr. Bruce P. Mitchell DMD","290","Publishing"
"Dr. Charles C. Duchsherer DDS","440","Travel Agents and Tour Operators"
"Dr. Christine L. Lamarre DDS","69","Dentists"
"Dr. Christopher J. Holland","233","Funeral Services"
"Dr. Chun K. Kim DDS","262","Storage"
"Dr. Coulter T. Crowley DDS","69","Dentists"
"Dr. Craig R. Merrihew DDS","296","Apartments, Condos, and Houses"
"Dr. David A. Lazarchik DMD","98","Pediatricians"
"Dr. David Casagrande, DDS - Billings, MT","6","Car Parts and Accessories"
"Dr. Derrick Askins DDS","69","Dentists"
"Dr. Edwin W. Bennion DMD","269","Legal"
"Dr. Ellie Kheirkhahi-Love","12","Tires"
"Dr. Frank S. SEO DDS","143","Clothing and Accessories"
"Dr. Frederic M. Gilhousen, MD","296","Apartments, Condos, and Houses"
"Dr. Harvey J. Elerson Jr","69","Dentists"
"Dr. Howard J. Hoffman, DDS, MPS","69","Dentists"
"Dr. Hugh D. Burke Jr DDS","69","Dentists"
"Dr. Irene Wong DDS","239","Contractors"
"Dr. J. Steven Banks D.D.S.","9","Maintenance and Repair"
"Dr. J. Timothy Doerner, DDS","183","Petroleum"
"Dr. James W. Dunnavant DDS","69","Dentists"
"Dr. Jay S. Grossman and Associates","66","Facilities and Nursing Homes"
"Dr. Jeffery W. Kaze DMD","444","Office Supplies"
"Dr. John D. Luker","158","Gift and Novelty"
"Dr. John F. Miller DDS","4","Car Dealers and Leasing"
"Dr. John Snow D.D.S.","69","Dentists"
"Dr. Kevin Frawley D.D.S.","69","Dentists"
"Dr. Lester C. Joern Jr,","247","Heating, Ventilating and Air Conditioning"
"Dr. Lorin F. Berland DDS","204","Agriculture and Forestry"
"Dr. Manuel A. Bustamante DDS","96","Orthopedic Surgeons"
"Dr. Mark F. Hammond DMD","299","Commercial Real Estate"
"Dr. Mark M. Urata MD","243","Doors and Windows"
"Dr. Mark Mortenson DDS","12","Tires"
"Dr. Mark R. Sheils DDS","194","Advertising Agencies and Media Buyers"
"Dr. Matthew Kikuchi and Dr. Mont Ringer Oral Surgery and Dental Implant Center","69","Dentists"
"Dr. Michael E. Badger DMD","296","Apartments, Condos, and Houses"
"Dr. Michael Grasso | Chesterfield Mo Dentist","69","Dentists"
"Dr. Munroe's Dental Center","444","Office Supplies"
"Dr. Nathan E. Patterson DDS","170","Sporting Goods"
"Dr. Nyasha M. Scott DDS","259","Plumbing"
"Dr. Pasquale P Vascimini","69","Dentists"
"Dr. Perry L. Silver DDS","69","Dentists"
"Dr. Peter Barnett DMD","247","Heating, Ventilating and Air Conditioning"
"Dr. Phonez","239","Contractors"
"Dr. Raymond Cros DMD","242","Sewer"
"Dr. Richard A. Zweig DDS","296","Apartments, Condos, and Houses"
"Dr. Richard S. Walker Jr DDS","264","Tree Service"
"Dr. Robert H. Milne and Dr. John G. Bozich - Dental Implants","233","Funeral Services"
"Dr. Ronald K. Wagner DDS","69","Dentists"
"Dr. Ronald Paul Petrosky DDS MAGD","69","Dentists"
"Dr. Ryan K. Holmes DDS","253","Landscaping and Gardeners"
"Dr. Sam S. Markzar DDS","69","Dentists"
"Dr. Tad S. Lovan, DDS","69","Dentists"
"Dr. Thomas L. Wigger DMD","69","Dentists"
"Dr. Thomas R. Matteson, DDS","239","Contractors"
"Dr. Tida K. Saltz DMD","296","Apartments, Condos, and Houses"
"Dr. Tom Holt Family Dentistry","299","Commercial Real Estate"
"Dr. Vivian Jui DMD","238","Carpet and Flooring"
"Dr. Yervant G. Aslanian DDS","262","Storage"
"DrainPros Plumbing","227","Loans and Mortgages"
"Drapery Cleaners Unlimited","296","Apartments, Condos, and Houses"
"Dreshertowne","293","Real Estate Agents"
"Drs. Lanier, Bowman and Associates","253","Landscaping and Gardeners"
"Drs. Mann and Fox","347","Restaurants"
"Drymala Concrete Products","145","Shoes"
"Dub Li Inc","69","Dentists"
"Duffy Law Office","69","Dentists"
"Dugger's Pump & Well Repair","170","Sporting Goods"
"Duk-Sun Lee DDS","69","Dentists"
"Dundee Dental Associates PC","69","Dentists"
"Dunlap Dental Services PC","238","Carpet and Flooring"
"Dupont Family Dentistry: Diehl David M DDS","233","Funeral Services"
"Durham Elevator Interiors","296","Apartments, Condos, and Houses"
"Dustin F Rabine Family Dentistry","296","Apartments, Condos, and Houses"
"Dutch Country Farmers Market","69","Dentists"
"EXPERT EXTERMINATORS INC","68","Chiropractors"
"Eagle Home Mortgage","43","Police Stations"
"Eagle Pointe","348","American"
"EagleHerald Publishing LLC","253","Landscaping and Gardeners"
"Eakes Office Solutions","69","Dentists"
"Early's Cycle Center, Inc.","148","Florists"
"East Coast Roofing & Siding","69","Dentists"
"East End Plastic Surgery & Laser Center","69","Dentists"
"East Springs Family Dentistry: Clark Anthony DDS","239","Contractors"
"East State Dental","380","Equestrian"
"Eastgate Village","69","Dentists"
"Eberle's Physical Therapy","349","Barbecue"
"Edgewood Park Apartments","289","Professional Cleaning"
"Edmonds Theatre","69","Dentists"
"Edward J Marchi DDS: Family and Cosmetic Dentistry","69","Dentists"
"Edward L Moore DDS","69","Dentists"
"Edward M Graves III Law Office","106","Weight Loss and Nutritionists"
"Edward R.Staffel, D.D.S, P.A. and Sara E. McLin, D.D.S.","296","Apartments, Condos, and Houses"
"Edwards Furniture","296","Apartments, Condos, and Houses"
"Efren Cortes D.D.S P.C.","296","Apartments, Condos, and Houses"
"El Centro Dental","296","Apartments, Condos, and Houses"
"El Xacalli Mexican Restaurant","296","Apartments, Condos, and Houses"
"Electronix Redux","69","Dentists"
"Elements Massage Medford","231","Catering"
"Elite Dentistry: Dr Mark Ashy and Dr Chris Chard","69","Dentists"
"Elite Tech","157","Furniture and Decor"
"Elkins Apartments","220","Accounting and Bookkeeping"
"Elmcroft of Maumelle","13","Transmissions"
"Embroidery By Ellen","69","Dentists"
"Emperor Insurance, Inc.","69","Dentists"
"Empire City Casino","69","Dentists"
"Empire Orthopedic Center","74","Hospitals, Clinics and Medical Centers"
"Employee Account","296","Apartments, Condos, and Houses"
"Encantada At Dove Mountain","258","Pest Control"
"Enclave at Grandview","69","Dentists"
"Endodontic Associates: Pipher Dennis L DDS","4","Car Dealers and Leasing"
"Endodontic Specialty","74","Hospitals, Clinics and Medical Centers"
"Engineered Equipm of Alaska Inc","215","Media"
"Englewood Flower Shop","69","Dentists"
"Enterprise Animal Hospital","296","Apartments, Condos, and Houses"
"Eric Crawford DDS Family Dentistry","280","Beauty Salons and Barbers"
"Esquire IMAX","259","Plumbing"
"Essex Commons","244","Electricians"
"Estancia at Morningstar","296","Apartments, Condos, and Houses"
"Estates On Maryland","176","Wedding and Bridal"
"Esthetic Dental Arts","69","Dentists"
"Everett E. Heringer DDS","239","Contractors"
"Evergreen Estates","351","Burgers"
"Evergreen at River Oaks","352","Chinese"
"Excel Center","69","Dentists"
"Exceptional Dentistry","296","Apartments, Condos, and Houses"
"Express Press","239","Contractors"
"Express Signs","272","Insurance"
"F & M Electrical Supply & Lighting Showroom","69","Dentists"
"FN VAPOR","348","American"
"FRED'S FOREIGN AND DOMESTIC AUTOMOTIVE","239","Contractors"
"FTB Tax Services","225","Financial Planning and Investments"
"FUZION Medical Aesthetic Boutique","259","Plumbing"
"Fab Masters Company, Inc.","150","Beer, Wine and Spirits"
"Fabulous Frocks Bridal","260","Pools and Spas"
"Face and Jaw Surgery Center","69","Dentists"
"Face and Jaw Surgery Center: Afshar Andrew DDS","347","Restaurants"
"Fairbanks Fuel Distributors, Inc.","69","Dentists"
"Fairwinds - Desert Point","296","Apartments, Condos, and Houses"
"Falco Alarm Company","385","Gyms and Fitness Centers"
"Fales Pediatric Dentistry, P.A.","449","Photography"
"Family Dental Care of Sioux City","68","Chiropractors"
"Family Dental Health","280","Beauty Salons and Barbers"
"Family Dentistry Dr. Sandip J. Desai DDS","269","Legal"
"Family Dentistry of Moorhead","239","Contractors"
"Family Flooring","296","Apartments, Condos, and Houses"
"Family Health Centers Louisville","296","Apartments, Condos, and Houses"
"Family Tree Dental","296","Apartments, Condos, and Houses"
"Family Tree Dental Care","296","Apartments, Condos, and Houses"
"Family and Cosmetic Dentistry of Fairfield","296","Apartments, Condos, and Houses"
"Fantastic Sam's","123","Retail"
"Farm Bureau Insurance Gary Conner","191","Water and Waste Management"
"Farmer's Tire Center","239","Contractors"
"Farmers Insurance: Mike Ridley","69","Dentists"
"Feil Orthodontics","296","Apartments, Condos, and Houses"
"Fibonacci Dental Studio","215","Media"
"Field Dental Center","69","Dentists"
"First Choice Dental Center","296","Apartments, Condos, and Houses"
"First Ford","4","Car Dealers and Leasing"
"First Liberty Financial","312","Bars"
"FirstLight HomeCare of Melbourne, FL","239","Contractors"
"FirstLight HomeCare of North Atlanta, GA","296","Apartments, Condos, and Houses"
"FirstLight HomeCare of Northeast Dayton, OH","364","Seafood"
"FirstLight HomeCare of SW Dayton/Middletown, OH","363","Pizza"
"Fischer Dr. Kathleen sunshine dental","296","Apartments, Condos, and Houses"
"Flash Equipment","4","Car Dealers and Leasing"
"Flathead Truck Repair","269","Legal"
"Flywheel Sports - Alpharetta","296","Apartments, Condos, and Houses"
"Fohn Funeral Home","69","Dentists"
"Forest Ridge Family Dentistry: Schymanski John J DDS","239","Contractors"
"Forest Rim","66","Facilities and Nursing Homes"
"Forrest Hills Apartments","464","International"
"Fort Knox Climate Controlled Storage","69","Dentists"
"Fort Worth Museum Of Science And History","239","Contractors"
"Foschi Photography","69","Dentists"
"Fossil Creek Dental","69","Dentists"
"Foster's Automotive Inc","69","Dentists"
"Foto Houze, LLC","194","Advertising Agencies and Media Buyers"
"Fowler Septic Service","69","Dentists"
"Foxwood Crossing Apartments","296","Apartments, Condos, and Houses"
"Frank A. Finazzo DDS Inc.","183","Petroleum"
"Fred L Henneke Attorney & Counselor At Law","69","Dentists"
"Frederick Hair Studio","269","Legal"
"Fremac Marine","69","Dentists"
"Fresco 57","340","Bakeries"
"Friars Wings of Hernando","269","Legal"
"Friendly Pharmacy","167","Pets"
"Frontier Micro Systems","143","Clothing and Accessories"
"Fsoc of CT LLC","194","Advertising Agencies and Media Buyers"
"Fudge Fashions","69","Dentists"
"Furballs","69","Dentists"
"G & G Marina","69","Dentists"
"G O Pallets Inc","69","Dentists"
"G&K Services, Inc.","280","Beauty Salons and Barbers"
"GIVE TECH BACK, INC.","129","Bicycles"
"Gales Ferry Orthodontics LLC","239","Contractors"
"Gannon, Timothy E Photography Inc","189","Telecommunication Services"
"Garage Solutions","69","Dentists"
"Gary L. Gotsch DDS MSD","296","Apartments, Condos, and Houses"
"Gates of Oakwood","296","Apartments, Condos, and Houses"
"Gateway Apartments II Cheektowaga","296","Apartments, Condos, and Houses"
"Gateway Printing & Office Supplies","272","Insurance"
"Gayler Insurance Agency Inc","148","Florists"
"Gearharts Fine Chocolates","261","Roofers"
"General Dentistry: Smith Wyatt DDS","177","Businesses and Services"
"General Surgery Clinics: Doyle John F DDS","204","Agriculture and Forestry"
"Generational Dental Associates","69","Dentists"
"Genesis","269","Legal"
"Gentle Dental","238","Carpet and Flooring"
"Gentle Dental Family Care: Garza Rosanne DDS","160","Hobby and Collectibles"
"Gentle Dentist- East Washington","69","Dentists"
"Gentle Family and Cosmetic Dentistry P.A.","348","American"
"Georgetown Village","69","Dentists"
"Georgetowne Woods","69","Dentists"
"Georgia Farm Bureau Mutual & Casualty Insurance Company","82","Sports Medicine"
"Georgia Floor Service, Inc.","69","Dentists"
"Gift Baskets Orlando | The Basket Case","296","Apartments, Condos, and Houses"
"Giovanni's Frozen Pizza","449","Photography"
"Glass Cynthia A Dr","269","Legal"
"Glass Doctor","269","Legal"
"Glass Doctor of Burlington","348","American"
"Glass Doctor of Calgary","233","Funeral Services"
"Glass Doctor of Charlotte","348","American"
"Glass Doctor of New Braunfels","222","Business Brokers and Franchises"
"Glass Service Center Inc","17","RVs and Motor Homes"
"Glazed and Amazed","296","Apartments, Condos, and Houses"
"Glen Burnie Motorsports","258","Pest Control"
"Glen Carbon Family Dentistry","423","Limos and Chauffeurs"
"Global Bikes","289","Professional Cleaning"
"Glyman and Swanson: Swanson Eric D DDS","239","Contractors"
"Golden Real Estate","230","Food and Beverage"
"Gomez Terry DDS","6","Car Parts and Accessories"
"Gonzales Animal Clinic","66","Facilities and Nursing Homes"
"Good Feet Store","69","Dentists"
"Good Samaritan Prescott Village","248","Home Appliances"
"Gorman Brothers","251","Interior Design"
"Gotees Screen Printing","256","Movers"
"Gottsegen Orthodontics","69","Dentists"
"Gourmet 157","4","Car Dealers and Leasing"
"Grab N Go Deli","69","Dentists"
"Grand Biscayne Apartments","69","Dentists"
"Grand Oaks Tampa","296","Apartments, Condos, and Houses"
"Grand Paws Pet Salon","4","Car Dealers and Leasing"
"Graziellas","83","Physicians"
"Great American Sleep Shop","69","Dentists"
"Great Expectations Day Care & Learning Center","239","Contractors"
"Great Northern Endodontics","444","Office Supplies"
"Great northern Guns","296","Apartments, Condos, and Houses"
"Greater Rochester Orthopaedics","69","Dentists"
"Green Horizon Landscape","296","Apartments, Condos, and Houses"
"Green Meadows","69","Dentists"
"Green Turf Lawnscapes","239","Contractors"
"Greystone Apartments","348","American"
"Greystone Summit Forsyth","296","Apartments, Condos, and Houses"
"Grice Surveying Inc","69","Dentists"
"Grier's Roofing & Construction","245","Fences, Fireplaces and Garage Doors"
"Grone's Outdoor Power Center","269","Legal"
"Ground Zero Shelters","68","Chiropractors"
"Grove Construction General Contracting","69","Dentists"
"Guadalajara Restaurant","296","Apartments, Condos, and Houses"
"Guarantee Digital","69","Dentists"
"Guardian Mold Prevent Corp.","239","Contractors"
"Guerrino Dentistry and Associates","296","Apartments, Condos, and Houses"
"Gulf Coast Urology","296","Apartments, Condos, and Houses"
"Gulf Coast Veterinarian Hospital","296","Apartments, Condos, and Houses"
"Gulf Island Grill","9","Maintenance and Repair"
"Gulf South Real Estate","69","Dentists"
"H & H Chevrolet","96","Orthopedic Surgeons"
"H & R Inc Custodial Services","69","Dentists"
"H S Mann Inc","296","Apartments, Condos, and Houses"
"H Senior Living - Cascades","272","Insurance"
"H&R Block - Fairview Road","69","Dentists"
"H-E-B Family Dentistry","69","Dentists"
"H.J. Edwards & Associates, Inc","69","Dentists"
"H.T.E. Cleaning Service Inc.","69","Dentists"
"HB Live, Inc","69","Dentists"
"Ha U Want It Creole Seasoning","347","Restaurants"
"Habitat For Humanity ReStore","269","Legal"
"Hair Unique","47","Organizations and Associations"
"Halbro Tree Service","296","Apartments, Condos, and Houses"
"Hallmac RV Rentals","164","Nurseries and Garden Centers"
"Halquist Stone Co Inc","69","Dentists"
"Hamden-Shreline Oral Surgery: Parker Robert DDS","83","Physicians"
"Hamilton County Pediatric Dentistry","9","Maintenance and Repair"
"Hamilton Creek","88","Family Medicine"
"Hamilton Crossing","74","Hospitals, Clinics and Medical Centers"
"Hamilton Telecommunications","204","Agriculture and Forestry"
"Hampton Heating & Air","227","Loans and Mortgages"
"Hans Watch Clock & Jewelry","296","Apartments, Condos, and Houses"
"Hanson Sign Companiies","123","Retail"
"Happy Dental","197","Market Research and Consulting"
"Hardy Plumbing And Heating","261","Roofers"
"Harmon Insurance Agency Inc","167","Pets"
"Harps Food","204","Agriculture and Forestry"
"Harrison Dental Group","69","Dentists"
"Harvard Dental Group","126","Arts and Crafts"
"Hastie's Capitol Sand & Gravel Co","299","Commercial Real Estate"
"Hatcher Law Offices","69","Dentists"
"Haven at Avalon","296","Apartments, Condos, and Houses"
"Havens Air Tech, Inc.","69","Dentists"
"Healthy Smiles Happy Teeth - Patricia Peck DDS","17","RVs and Motor Homes"
"Healy and Svoren Attorneys at Law","69","Dentists"
"Hendrick Bryant Nerhood Sanders & Otis LLP","69","Dentists"
"Henwood Family Dentistry","69","Dentists"
"Heritage Tree Care","83","Physicians"
"Hermitage Garden Apartments","69","Dentists"
"Hernandez Dental: Hernandez Frank DDS","291","Real Estate"
"Hernandez Law Office LLC","239","Contractors"
"Hester Bell","296","Apartments, Condos, and Houses"
"Hibbs J Eric","296","Apartments, Condos, and Houses"
"Hickory Knoll Veterinary Hospital","69","Dentists"
"Hidden Oaks Apartments","259","Plumbing"
"High School Music Service Inc","170","Sporting Goods"
"High Tech Heating Ventilation And Air Conditioning","4","Car Dealers and Leasing"
"Highland Dental Arts","69","Dentists"
"Highland Park Periodontics and Dental Implants PLLC","69","Dentists"
"Highland Row","296","Apartments, Condos, and Houses"
"Hilgy's LP Gas","259","Plumbing"
"Hill Dentistry","239","Contractors"
"Hill Tracy","269","Legal"
"Hillview Barber & Styling Shop","238","Carpet and Flooring"
"Hoagburg Orthodontics: Hoagburg Steven J DDS","289","Professional Cleaning"
"Hodges Pharmacy","68","Chiropractors"
"Hoffman Transit Co Inc","296","Apartments, Condos, and Houses"
"Holland Park","69","Dentists"
"Holman-Howe Funeral Homes","148","Florists"
"HomeTeam of South Salt Lake","296","Apartments, Condos, and Houses"
"Hoolihan Dental","239","Contractors"
"Hoover & Son Insurance Agency","69","Dentists"
"Horizons Dentistry","436","Hotels and Motels"
"Hornsby Dental Excellence: Hornsby Dan E DDS","69","Dentists"
"Hospitality Orthodontics","239","Contractors"
"Hospitality Orthodontics Palm: Lane Carter DDS","69","Dentists"
"Hot 101.5","83","Physicians"
"Houston Metropolitan Chamber","296","Apartments, Condos, and Houses"
"Howard Dental Center","69","Dentists"
"Hub City Printing Inc","296","Apartments, Condos, and Houses"
"Hubbell Roth & Clark Inc","126","Arts and Crafts"
"Hudson Bradley D DDS","69","Dentists"
"Hudson Market Place","69","Dentists"
"Hudson Pointe at Riverdale Center for Nursing & Rehabilitation","289","Professional Cleaning"
"Hunters Run","143","Clothing and Accessories"
"Huntington Place","296","Apartments, Condos, and Houses"
"Hutton and Hale Inc: Hutton Deborah M DDS","4","Car Dealers and Leasing"
"Illiano's Italian Pizzeria","296","Apartments, Condos, and Houses"
"Image Aviation Services Inc","449","Photography"
"Immaculate Conception Church","239","Contractors"
"In the Garage","69","Dentists"
"Inca's Kitchen","296","Apartments, Condos, and Houses"
"Indian Wells Dental Office","177","Businesses and Services"
"Indianapolis Dental Designs","69","Dentists"
"Indoor Comfort Experts A/C","69","Dentists"
"Infinity Dental Care","296","Apartments, Condos, and Houses"
"Inland Dental Specialties: Boyd Anthony Q DDS","233","Funeral Services"
"Inland Perio Dr. Daniel M. Kunihira Dr. Dan Newbold and Dr. Mark Kunihira","177","Businesses and Services"
"Innovative Mosquito Management, Inc.","69","Dentists"
"Institute Of Structural Medicine The","296","Apartments, Condos, and Houses"
"Integrated Pain Relief","347","Restaurants"
"Integrity Carpets","305","Veterinarians"
"Integrity Plumbing Company","148","Florists"
"Interior Auto Salvage","253","Landscaping and Gardeners"
"Interior Guys","69","Dentists"
"Interstate Batteries","69","Dentists"
"Interstate National","4","Car Dealers and Leasing"
"Inverness Apartments","247","Heating, Ventilating and Air Conditioning"
"Irma Rivera DMD Inc.","269","Legal"
"Ironfish","253","Landscaping and Gardeners"
"Island Ford","247","Heating, Ventilating and Air Conditioning"
"Island Ready-Mix Concrete","204","Agriculture and Forestry"
"J & C Construction Inc","9","Maintenance and Repair"
"J & I Power Equipment Inc","311","Museums"
"J & S Portable Toilets","69","Dentists"
"JAMES HOWELL","262","Storage"
"JD's Pump & Drilling Service","296","Apartments, Condos, and Houses"
"JD's Transmissions","243","Doors and Windows"
"JP's Truck Service","296","Apartments, Condos, and Houses"
"Jack Band Builder Inc","246","Hardware and Services"
"Jack's Seamless Gutters","148","Florists"
"Jackie L. Banahan DMD","6","Car Parts and Accessories"
"Jakes Pour House","340","Bakeries"
"Jakobs Electric LLC","69","Dentists"
"James Dean Jensen DDS MS PA","275","Manufacturing"
"James K. Lai DDS","269","Legal"
"James S. Vaughan D.D.S.","296","Apartments, Condos, and Houses"
"Jamharian Reuben A DMD","65","Home Health Care Services"
"Jan-Pro of Central New Jersey","299","Commercial Real Estate"
"Janice Taylor","138","Convenience Stores"
"Japo I Yokoyama Building Contractors Inc","296","Apartments, Condos, and Houses"
"Jason W. Erickson DDS","69","Dentists"
"Jax Plumbing & Septic Tank, Inc.","239","Contractors"
"Jeann퀌퉌 Maureens European Spa & Salon","296","Apartments, Condos, and Houses"
"Jed Meadows Law","83","Physicians"
"Jeff Loftus Dentistry: Loftus Jeffrey T DDS","239","Contractors"
"Jeff O'Brien","296","Apartments, Condos, and Houses"
"Jefferson Neurobehavioral Group","416","Airlines and Aviation Services"
"Jefferson Place","289","Professional Cleaning"
"Jefferson Townhouses","296","Apartments, Condos, and Houses"
"Jeffrey T. Miller DDS","305","Veterinarians"
"Jennifer Steffen Photography","69","Dentists"
"Jersey Mikes Subs 3rd Ave","69","Dentists"
"Jillian Boettcher DDS","69","Dentists"
"Jim Allen Group","272","Insurance"
"Joe Cannon DDS","171","Supermarkets and Groceries"
"Joe's Auto Service","269","Legal"
"John D Russell Atty At Law","176","Wedding and Bridal"
"John W. Inga D.D.S. Ltd.","145","Shoes"
"John's Tree Service & Landscaping","69","Dentists"
"Johns Iron & Metal","296","Apartments, Condos, and Houses"
"Jolissaint Joseph H","347","Restaurants"
"Jonathan D. Eagle, D.D.S.","296","Apartments, Condos, and Houses"
"Jones Family Dental","296","Apartments, Condos, and Houses"
"Jones Michael S DDS","213","Engineering"
"Jordan E. Higham DDS, Pediatric Dentist","4","Car Dealers and Leasing"
"Jory Trail","259","Plumbing"
"Joseph Figaroa","171","Supermarkets and Groceries"
"Joseph Rajabi D.D.S.","69","Dentists"
"Joyce's Gift Baskets and Country Crafts","9","Maintenance and Repair"
"Julles Posh Food Co","4","Car Dealers and Leasing"
"Junk Max Hauling Service","69","Dentists"
"Junk Removal Indianapolis","65","Home Health Care Services"
"Just For Fun Honda","82","Sports Medicine"
"Justin Haase Excavating","69","Dentists"
"K2 Spas & Sports","171","Supermarkets and Groceries"
"KIMPLING ACE HARDWARE","12","Tires"
"KSK Plumbing LLC","181","Metals"
"KY International Inc","358","Italian"
"Kachina Apartments","69","Dentists"
"Kaio Dental","269","Legal"
"Kalen & Associates Inc","358","Italian"
"Kalispell Cuties","6","Car Parts and Accessories"
"Kam Fung","233","Funeral Services"
"Kangaroo Pouch","296","Apartments, Condos, and Houses"
"Kansas City Urology Care","69","Dentists"
"Kapla Dental","5","Used Cars"
"Kareismatic LLC","99","Plastic Surgeons"
"Karl E. Schneck DDS","244","Electricians"
"Karr and Hardee General Dentistry: Hardee Clint R DDS","69","Dentists"
"Kascar LLC","363","Pizza"
"Kaustubha Boutique","34","Primary and Secondary Schools"
"Keepsake Bouquets & Floral Designs","69","Dentists"
"Keith's Auto Repair & Services","69","Dentists"
"Kelley Thomas DDS","239","Contractors"
"Kellie Burke Interiors","347","Restaurants"
"Kelly Williams Plumbing","69","Dentists"
"Ken's Pharmacy","296","Apartments, Condos, and Houses"
"Kenton Manor","296","Apartments, Condos, and Houses"
"Kentuckiana Oral and Mxllfcl: Babcock Chris DDS","220","Accounting and Bookkeeping"
"Kia of Bowie","194","Advertising Agencies and Media Buyers"
"Kia of Orange Park","296","Apartments, Condos, and Houses"
"Kidd Curry Express","451","Golf Courses"
"Kids Dental: Burtenshaw John C DDS","296","Apartments, Condos, and Houses"
"King Insulation","69","Dentists"
"Klark Vending Services","256","Movers"
"Knighten Industries Inc","247","Heating, Ventilating and Air Conditioning"
"KnowledgePoints","239","Contractors"
"Kona-Kohala Health Care Services Inc","296","Apartments, Condos, and Houses"
"Kowalski Chiropractic Health & Performance","69","Dentists"
"Kozy Lawn Care","69","Dentists"
"Ky Oral Surgeon: Harris W Ronald DDS","296","Apartments, Condos, and Houses"
"L & M Muffler","365","Steakhouses"
"L B Smith Ford Lincoln","296","Apartments, Condos, and Houses"
"L M Rojas Dental","209","Computers"
"L. Patrick Grisanti II DDS PA","296","Apartments, Condos, and Houses"
"Lafayette Townhomes","69","Dentists"
"Laird Noller Ford","188","Security and Safety"
"Lake Forest at El Dorado Hills","172","Tobacco"
"Lake Village","264","Tree Service"
"Lakeland Family Dental","253","Landscaping and Gardeners"
"Lakes Of Northdale","269","Legal"
"Lakeview Apartments","69","Dentists"
"Lambert Auto Parts","133","Computers and Electronics"
"Lambeth House","125","Antiques"
"Landmark at Alexander Pointe","69","Dentists"
"Landmark at Auburn Manor","69","Dentists"
"Landmark at Prescott Woods","296","Apartments, Condos, and Houses"
"Lane Deli Catering","157","Furniture and Decor"
"Lansdale Surveyg Inc","69","Dentists"
"Laroy Thomas Inc","69","Dentists"
"Las Vegas Dental Experts - Dr. Harvey H Chin DDS","269","Legal"
"Las Villas","296","Apartments, Condos, and Houses"
"Laura Giese DDS","269","Legal"
"Laurel Run Village","361","Mexican"
"Lavender Salon & Spa","296","Apartments, Condos, and Houses"
"Laydee Clipper Managing Services","6","Car Parts and Accessories"
"LeNapoleon Antiques","296","Apartments, Condos, and Houses"
"Learned Owl Book Shop","296","Apartments, Condos, and Houses"
"Lee Funeral Home & Crematory","239","Contractors"
"Legacy Fountain Plaza","357","Indian"
"Legacy Ranch Dental","69","Dentists"
"Legacy Saddlebreds","69","Dentists"
"Legacy Smiles of Southern Arizona","221","Banking and Finance"
"Legacy at Wakefield","69","Dentists"
"Legends at Chatham","296","Apartments, Condos, and Houses"
"Let Tammy","69","Dentists"
"Levine Meredith DDS","288","Printing, Copying and Signage"
"Lex Gourmet Deli","69","Dentists"
"Lexington Square Apartments","69","Dentists"
"Liberty Home Solutions LLC","69","Dentists"
"Liberty Waste Service","243","Doors and Windows"
"Lieutenants Run","69","Dentists"
"Life -Insurance-All Major National Providers","34","Primary and Secondary Schools"
"Life Long Dental Care","69","Dentists"
"Lighthouse Dental: Jarmon Joseph DDS","69","Dentists"
"Lil' Ray's Restaurant","4","Car Dealers and Leasing"
"Lime Energy","91","Internal Medicine"
"Linden Park Apartments","9","Maintenance and Repair"
"Lion's Den Efficiency Apartments","69","Dentists"
"Lipton Inc","90","General Surgery"
"Liquid Salon and Spa","238","Carpet and Flooring"
"Lisa Kalfas, DDS","409","Boating"
"Living Free From Diabetes","296","Apartments, Condos, and Houses"
"Living Well Assisted Living At Home","69","Dentists"
"Loescher Lisa DDS","239","Contractors"
"Loftus Dental","178","Business and Strategy Consulting"
"Loma Linda University Med Center: Alcaide Jeff G DDS","272","Insurance"
"Loma Linda University School of Dentistry","296","Apartments, Condos, and Houses"
"Loma Linda University School-Dentistry: Park Chan M DDS","79","Nurses"
"Lone Tree Pediatric Dentistry","296","Apartments, Condos, and Houses"
"Long Wharf Dental Group: Lerman Marc DDS","296","Apartments, Condos, and Houses"
"Lonsway Hill","291","Real Estate"
"Lou Rodman's Furniture_Sacremento","296","Apartments, Condos, and Houses"
"Louis Lambert Attorney","144","Jewelry and Watches"
"Louisville Endodontics","69","Dentists"
"Lowry Legal","296","Apartments, Condos, and Houses"
"Lucas Place Lofts","259","Plumbing"
"Lucky Law Firm The","262","Storage"
"Luther Towers","69","Dentists"
"Luxe Dental","69","Dentists"
"Lybbert Quinn DDS","12","Tires"
"Lyndon Steinmetz Design Studio LLC","69","Dentists"
"Lynn B LeMeilleur, Attorney At Law","258","Pest Control"
"MCM Elegante Suites","296","Apartments, Condos, and Houses"
"MKD Dentistry","363","Pizza"
"MOLLY MAID of Northeast Bergen County","239","Contractors"
"MOLLY MAID of Winston-Salem","55","Churches"
"MRC Construction","69","Dentists"
"Magnolia Woods Apartment Homes","69","Dentists"
"Main Auction","291","Real Estate"
"Maple Manor Apartments","69","Dentists"
"MapleView Health & Rehabilitation Center","305","Veterinarians"
"Marathon Painters","269","Legal"
"Marcell Gardens","296","Apartments, Condos, and Houses"
"Marche Madison","352","Chinese"
"Marina Pointe","69","Dentists"
"Mark A Mobley and Associates","239","Contractors"
"Mark B Snyder DMD","69","Dentists"
"Marketplace America","347","Restaurants"
"Marlborough Family Dental PC","296","Apartments, Condos, and Houses"
"Marquis Signs","69","Dentists"
"Marquis at Canyon Ridge","69","Dentists"
"Marquis at Riverchase","253","Landscaping and Gardeners"
"Martin Environmental Service","262","Storage"
"Martin Moving & Storage Co.","5","Used Cars"
"Martindale's Natural Market","239","Contractors"
"Mason & Morse Ranch Company","239","Contractors"
"Massage Heights Edmonton Mayfield","69","Dentists"
"Mattress Joe","69","Dentists"
"Maxillofacial Surgery Center","466","Optometrist"
"Mazda of Manchester","239","Contractors"
"Mc Donald Keith B DDS","272","Insurance"
"McAuliff and Wood Orthodontics","296","Apartments, Condos, and Houses"
"McCarthy Chiropractic Center","296","Apartments, Condos, and Houses"
"McClain Pest Control LLC","377","Combat Sports"
"McCoy Roofing & Siding","269","Legal"
"McCullough's Emerald Golf Links","104","Podiatrists"
"Meadow View Estates","347","Restaurants"
"Meadowrun","23","Day Care and Preschools"
"Memorial Health Credit Union","451","Golf Courses"
"Mengedoth Daniel L DDS","177","Businesses and Services"
"Meridian","239","Contractors"
"Mesa Verde","91","Internal Medicine"
"Metairie East Rental Center","13","Transmissions"
"MetraPark","220","Accounting and Bookkeeping"
"Metro Gallery","69","Dentists"
"Miami Center for Cosmetic and Implant Dentistry","4","Car Dealers and Leasing"
"Michael A. Vourakis D.D.S.","143","Clothing and Accessories"
"Michael G. Long, D.D.S.","69","Dentists"
"Michael J. Wahl D.M.D.","69","Dentists"
"Michael L. Keim DDS","209","Computers"
"Michael Tenorio DDS","171","Supermarkets and Groceries"
"Michelle B. Deutch D.D.S.","68","Chiropractors"
"Mid Valley Dental: Yuliongsiu Rey DDS","296","Apartments, Condos, and Houses"
"Midland Dental","69","Dentists"
"Midnight Sun Martial Arts Academy","353","Delis"
"Midway Electric Inc","177","Businesses and Services"
"Midwest Retail Services","296","Apartments, Condos, and Houses"
"Mike Shannon D.D.S. Pediatric Dentistry","296","Apartments, Condos, and Houses"
"Mildren Plumbing Inc","69","Dentists"
"Milford Dental Clinic","138","Convenience Stores"
"Mililani Memorial Park & Mortuary","17","RVs and Motor Homes"
"Mill & Main Luxury Apartments","69","Dentists"
"Millcreek Family Dental - Anthony J. Baird, DDS","69","Dentists"
"Miller Estates","353","Delis"
"Miller Orthodontics","296","Apartments, Condos, and Houses"
"Miller Richard P DDS","239","Contractors"
"Miller's Auto Service Inc","69","Dentists"
"Minoa Estates Apartments","296","Apartments, Condos, and Houses"
"Mirage Lane Dentistry: Aguilar Maria C DDS","133","Computers and Electronics"
"Mission Pediatric Dentistry","69","Dentists"
"Misty Creek Farm & Vineyards, LLC","69","Dentists"
"Mo Hair Salon","69","Dentists"
"Modera 44","247","Heating, Ventilating and Air Conditioning"
"Modera Prime 235","204","Agriculture and Forestry"
"Modern Closets","353","Delis"
"Moe's Italian Sandwiches","69","Dentists"
"Montair","269","Legal"
"Mooso Orthodontics","296","Apartments, Condos, and Houses"
"Moreschi Jonna J DDS","296","Apartments, Condos, and Houses"
"Morris Broadband","69","Dentists"
"Mortenson Family Dental: Boatright Thomas S DDS","296","Apartments, Condos, and Houses"
"Mortenson Family Dental: Campbell Marianne DDS","69","Dentists"
"Mosquito Terminators","69","Dentists"
"Mountain Top Periodontics","269","Legal"
"Mountain View Apartments","69","Dentists"
"Mountain Vista Apartments","69","Dentists"
"Mr. Transmission","69","Dentists"
"Mulberry St Family Dentistry","69","Dentists"
"Myers Park Presbyterian","9","Maintenance and Repair"
"NAPLES PEST CONTROL INC","69","Dentists"
"NBC Sports Arena","66","Facilities and Nursing Homes"
"NIkita Sushi","68","Chiropractors"
"NWI Generator","170","Sporting Goods"
"Nab's One Stop Shop","296","Apartments, Condos, and Houses"
"Nader Dayani","258","Pest Control"
"Nakamoto Okamoto & Yamamoto Attorneys At Law A Law Corp","296","Apartments, Condos, and Houses"
"National Arbitrators Guild","239","Contractors"
"National Marketing Insurance Group","16","Sales"
"Nationwide Insurance - Jeff Clark Insurance Agency, llc","69","Dentists"
"Nature Med","4","Car Dealers and Leasing"
"Nature's Heat","239","Contractors"
"Natures Grill Cobble Hill","377","Combat Sports"
"Ne. Kinesiology Center at Kearney Chiropractic Clinic","319","Amusement Parks"
"Nebraska Brass","69","Dentists"
"Nebraska Dental Center","69","Dentists"
"Negley's Clean Water Center","69","Dentists"
"New Haven Oral Surgery","4","Car Dealers and Leasing"
"New Image Roofing Houston","80","Pharmacies"
"New Mexico Endodontic Center: Baker David M DDS","69","Dentists"
"New Morning Market","306","Web Design and Development"
"New Wave Technologies LLC","239","Contractors"
"New York Design","296","Apartments, Condos, and Houses"
"Newport Woods","296","Apartments, Condos, and Houses"
"Nia K Terezakis MD","291","Real Estate"
"Nicholasville Dental Center","83","Physicians"
"No/Aids Task Force","69","Dentists"
"Norfork Trout Dock","385","Gyms and Fitness Centers"
"North Coors Dental","69","Dentists"
"North Florida Asphalt Inc","353","Delis"
"North Heacock Dental Group: Smith Robert DDS","188","Security and Safety"
"North Hills Hospital: Whitten David N MD","69","Dentists"
"North Park Place","23","Day Care and Preschools"
"Northern Power Sports","69","Dentists"
"Northgate Dental","291","Real Estate"
"Northlake Glass","364","Seafood"
"Northland Auto Body LLC","69","Dentists"
"Norwalk Hospital: Feigen Mark E DDS","239","Contractors"
"Norwalk Oral and Maxillofacial","262","Storage"
"Nova Dental","282","Massage Clinics and Therapists"
"Nowell's Heating A/C & Refrigeration","62","Healthcare"
"Nutrichef USA","69","Dentists"
"O's Grill Spot","69","Dentists"
"OC Smile","269","Legal"
"Oak Hills Golf & Event Center","296","Apartments, Condos, and Houses"
"Oak Park","171","Supermarkets and Groceries"
"Oasis Family Dentistry","220","Accounting and Bookkeeping"
"Oberti Jack M DDS","239","Contractors"
"Observer Park","238","Carpet and Flooring"
"Ocean Valley Realty","269","Legal"
"Oceanaire","245","Fences, Fireplaces and Garage Doors"
"Octopus Garden","126","Arts and Crafts"
"Ogle & Worm Law Offices PLLP","170","Sporting Goods"
"Ohle & Ohle","244","Electricians"
"Okemos Station Apartments Townhomes","69","Dentists"
"Old Hammond Pediatrics","449","Photography"
"Olde World Jewelers","296","Apartments, Condos, and Houses"
"Olympia Hills Golf & Event Center","239","Contractors"
"One Dental Place","353","Delis"
"One Jefferson Parkway","442","Discount Stores"
"One Sovereign","296","Apartments, Condos, and Houses"
"Online Advertising Jacksonville","290","Publishing"
"Onyx Security","348","American"
"Open Door Family Medical Center","144","Jewelry and Watches"
"Open Up Garage Door Inc","74","Hospitals, Clinics and Medical Centers"
"Optima Dental Care: Johnson Scott A DDS","69","Dentists"
"Optimal Dental, P.C.","148","Florists"
"Oral Care Dental Group: Vezzoli Frank DDS","305","Veterinarians"
"Oral Facial Pain Center","288","Printing, Copying and Signage"
"Oral Maxillofacial and Implant Surgery Center","69","Dentists"
"Oral Surgery Associates","280","Beauty Salons and Barbers"
"Oral Surgery Center of Bismarck: Iravani Mansureh DDS","69","Dentists"
"Oral and Implant Surgery of Northern Westchester","233","Funeral Services"
"Orange Glen","347","Restaurants"
"Orbisonia Hardware","220","Accounting and Bookkeeping"
"Oregon Family Dental PC","305","Veterinarians"
"Oregon State Hospital","296","Apartments, Condos, and Houses"
"Orleans of Decatur","296","Apartments, Condos, and Houses"
"Ornstein Bruce C DPM","191","Water and Waste Management"
"Orthopedic Physicians Anchorage","83","Physicians"
"Oslo Studios","280","Beauty Salons and Barbers"
"Otero Alfred DDS","347","Restaurants"
"Our Home Pharmacy","69","Dentists"
"Outdoor Fun Inflatables","291","Real Estate"
"Outlaw Design Company","69","Dentists"
"Overhead Door Company","80","Pharmacies"
"P & D Marine Services Inc","160","Hobby and Collectibles"
"PACIFIC MIRROR AND GLASS LLC","69","Dentists"
"PARKone","296","Apartments, Condos, and Houses"
"PHCC San Antonio","69","Dentists"
"PROSHRED Richmond","239","Contractors"
"Pacific Crest Patio - Patio Covers, Awnings & Sunrooms","239","Contractors"
"Pacific Harbor at Sunrise","239","Contractors"
"Painted Mountain Golf Club","280","Beauty Salons and Barbers"
"Pak Mail Atlantic City","133","Computers and Electronics"
"Palma Ceia Hyde Park","69","Dentists"
"Palmetto Grove I & II","264","Tree Service"
"Pamela G. Doray, DMD","296","Apartments, Condos, and Houses"
"Pamela J Asseff DDS","80","Pharmacies"
"Panowicz Jewelers","69","Dentists"
"Paradise Living","348","American"
"Paragon Alternative Medical Clinic","296","Apartments, Condos, and Houses"
"Paresh Dutta","9","Maintenance and Repair"
"Park Capitol","69","Dentists"
"Park Grossmont","384","Gymnastics"
"Park Lane Medical Group","269","Legal"
"Parker S C & Co Inc","306","Web Design and Development"
"Parminter Paul DDS","69","Dentists"
"Parrots Landing","238","Carpet and Flooring"
"Pasternack's Pawn Shops","69","Dentists"
"Paul Brooks Noland D.M.D.","296","Apartments, Condos, and Houses"
"Paul T. Graham, LLC","69","Dentists"
"Payday Express","143","Clothing and Accessories"
"Peach Orthodontics: Peach Karl D DDS","195","Creative Services"
"Pearl East","449","Photography"
"PearlSnapz Entertainment","9","Maintenance and Repair"
"Pearson Dental Supply Inc","5","Used Cars"
"Pebble Brook Apartments","16","Sales"
"Pebble Creek Apartments","69","Dentists"
"Pebble Family Dentistry","305","Veterinarians"
"Pediatric Associates of Connecticut","69","Dentists"
"Peerless Maximizer","239","Contractors"
"Peninsula Dental Arts","296","Apartments, Condos, and Houses"
"Pennsylvania Dental Group Ltd: Boudreau George MD","69","Dentists"
"Peregrine Family Dentistry, PC","69","Dentists"
"Performance Construction","233","Funeral Services"
"Periodontics Limited - Henderson","4","Car Dealers and Leasing"
"Periodontics P.C.","170","Sporting Goods"
"Perry Gloria F DDS","238","Carpet and Flooring"
"Perry's Solid Waste Disposal","269","Legal"
"Pesche's Flowers","69","Dentists"
"Pesky Critter Removal LTD","69","Dentists"
"Peter Chang Cafe","280","Beauty Salons and Barbers"
"Peter G. Fotos DDS MS PhD","247","Heating, Ventilating and Air Conditioning"
"Petro Stopping Center","243","Doors and Windows"
"Pettis Memorial Va Med Center: Romero Mercay M DDS","69","Dentists"
"Pharmacare at Pali Momi Medical Center","239","Contractors"
"Phipps Auto Parts","296","Apartments, Condos, and Houses"
"Phosphorex","253","Landscaping and Gardeners"
"Piatti's","215","Media"
"Piedras Preciosas del Reino","247","Heating, Ventilating and Air Conditioning"
"Pierce and Mitchell Psc: Pierce A Deane DDS","269","Legal"
"Piles Carpet Care","248","Home Appliances"
"Pinac Andr퀌퉌 L III MD","296","Apartments, Condos, and Houses"
"Pine Orthodontics","239","Contractors"
"Pioneer Motorsport","69","Dentists"
"Pittsburgh Cut Flower Co","69","Dentists"
"Pixel Painter's Photography","69","Dentists"
"Pizza Vino","296","Apartments, Condos, and Houses"
"Place du Plantier","164","Nurseries and Garden Centers"
"Planet Dental","352","Chinese"
"Plantation Gardens Apartments","5","Used Cars"
"Playa Vista","447","Construction"
"Pleasant Dental","280","Beauty Salons and Barbers"
"Plywood Solutions Inc.","69","Dentists"
"Pointe At Pickett Farm","69","Dentists"
"Polaris Benefits Administration","246","Hardware and Services"
"Pollock Vernon w DDS","296","Apartments, Condos, and Houses"
"Polo Club Apartments","69","Dentists"
"Polysurveying & Engineering","269","Legal"
"Pomona West","239","Contractors"
"Pool Town","69","Dentists"
"Portesi Fine Foods","69","Dentists"
"Portland Boat Works Inc","269","Legal"
"Portland Periodontics-David A. Goldwyn, DDS, PC","12","Tires"
"Potti Funeral Home","4","Car Dealers and Leasing"
"Precise Alterations","296","Apartments, Condos, and Houses"
"Precision Roofing","69","Dentists"
"Premier Collision LLC","263","Swimming Pool Maintenance and Services"
"Premier Dental","244","Electricians"
"Premier Dental Care","69","Dentists"
"Prestige One Landscaping","233","Funeral Services"
"Pridham Electronics Inc","361","Mexican"
"Primary Care Physicians LLP","409","Boating"
"Prime Automotive","296","Apartments, Condos, and Houses"
"Priority One Courier Inc","69","Dentists"
"Pristine Smiles of Rockwall: Dr. Prashant Kaushik DMD","239","Contractors"
"Private Reserve Luxury Townhomes","239","Contractors"
"Prominence Apartments","65","Home Health Care Services"
"Prospect Dental Care: Cummins Sara S DDS","269","Legal"
"Prospect Promos/Printing","69","Dentists"
"Pulliam Innovative Consulting Firm","69","Dentists"
"Pusch Ridge Stables","4","Car Dealers and Leasing"
"Putnam Orthodontics","69","Dentists"
"QUEEN OF SHEBA ETHIOPIAN","69","Dentists"
"Quail Hollow Apartment Homes","69","Dentists"
"Quiet Zone","197","Market Research and Consulting"
"Quinn Chapel AME Church","272","Insurance"
"R Daron Sheline DDS","217","Events and Event Planning"
"R E Davidson & Son","9","Maintenance and Repair"
"RC Endodontics","32","Driving Schools"
"RE/MAX Crossroads Main Office","296","Apartments, Condos, and Houses"
"RNR Wheels and Tires","253","Landscaping and Gardeners"
"RPT Sales & Leasing","148","Florists"
"Raaker Tire Service","69","Dentists"
"Rachel Tesch Photography","296","Apartments, Condos, and Houses"
"Rainbow Dental Care","196","Direct Mail and Email Marketing Services"
"Rains Contracting","74","Hospitals, Clinics and Medical Centers"
"Ralston Farmers Fuel & Oil","34","Primary and Secondary Schools"
"Ramagi Brick Oven Pizza","272","Insurance"
"Ramos Oil Company, Inc","69","Dentists"
"Rancho Carrera","82","Sports Medicine"
"Randall W Halliday Inc","305","Veterinarians"
"Rapid Rehab LLC","129","Bicycles"
"Ravassipour Orthodontics","69","Dentists"
"Ray's Steam Cleaning & Pressure Washing","239","Contractors"
"Re/Max Acadiana","69","Dentists"
"Red Rock Catering","239","Contractors"
"Redi Electric","69","Dentists"
"Redstone Gardens/Lakeview Gardens","4","Car Dealers and Leasing"
"Regence Health Network Inc: Ashrafi Mujib M DDS","241","Deck and Patio"
"Reid Heating & Air","247","Heating, Ventilating and Air Conditioning"
"Reisman Dental Group: Reisman James H DDS","69","Dentists"
"Reliable Garage Door","69","Dentists"
"Remington Place","6","Car Parts and Accessories"
"Renewable Resources Energy Solutions, Inc.","78","Psychologists"
"Replacement Glass","69","Dentists"
"Reserve at Gilbert Town Center","69","Dentists"
"Retreat at Steeplechase","177","Businesses and Services"
"Retreat at West Creek","69","Dentists"
"Rhys P. Strasia DDS","69","Dentists"
"Rice Funeral Services","364","Seafood"
"Richard B. KaplanDDS","130","Bookstores"
"Richard Chaet DDS","69","Dentists"
"Richard H Glazer Law Office","69","Dentists"
"Richard Soo Hoo Insurance Agency","13","Transmissions"
"Richmont Village","269","Legal"
"Rincon Salvadoreno","253","Landscaping and Gardeners"
"River Arch Dental Group","288","Printing, Copying and Signage"
"Riverside Dental office","96","Orthopedic Surgeons"
"Riverview Family Dental PC","347","Restaurants"
"Riverwalk","296","Apartments, Condos, and Houses"
"Riviera Apartments","296","Apartments, Condos, and Houses"
"Robert A. Bond D.D.S.","220","Accounting and Bookkeeping"
"Robert M Brown Const Co","296","Apartments, Condos, and Houses"
"Robert M Miller Inc","296","Apartments, Condos, and Houses"
"Robert Ostroski Orthodontics","262","Storage"
"Rochester Fire Equipment Company Inc","296","Apartments, Condos, and Houses"
"Rocket Mini Storage","233","Funeral Services"
"Rocky Hill Dental Care Dr. Grace Lo","269","Legal"
"Rocky Mountain Oral X-Ray","69","Dentists"
"Rocky Mountain Pediatric Dentistry, PLLC","69","Dentists"
"Rod's Heating And Air Conditioning","293","Real Estate Agents"
"Rodgers Rental","69","Dentists"
"Roger Densley DDS PLLC","409","Boating"
"Rogue Valley Dental Center","296","Apartments, Condos, and Houses"
"Ronnie's Wedding Videos","296","Apartments, Condos, and Houses"
"Room To Spare Storage","177","Businesses and Services"
"Root 66 Endodontics","239","Contractors"
"Roseburg Honda","69","Dentists"
"Rosenlicht and Ansari Oral Facial Implant Surgery Center","69","Dentists"
"Ross A. Kaplan DMD","296","Apartments, Condos, and Houses"
"Rossopoulos Evangelos DDS","269","Legal"
"Roy Curtis H Dr And Associates","353","Delis"
"Royal Crest","69","Dentists"
"Royal Crest Marlboro Apartment Homes","148","Florists"
"Royal Oaks Retirement Community","296","Apartments, Condos, and Houses"
"Royer's Plumbing","69","Dentists"
"Rubbish Works","69","Dentists"
"Russ's Auto And Truck Repair","239","Contractors"
"Rynone Manufacturing","9","Maintenance and Repair"
"S&A Homes","69","Dentists"
"S&S Heating And Cooling","353","Delis"
"S&S Recycling","296","Apartments, Condos, and Houses"
"SACHS Norton Clinic","69","Dentists"
"SEA COAST FIRE, INC.","269","Legal"
"SPC Superior Paving Co.","69","Dentists"
"SWAT Lock","272","Insurance"
"Sabine Pools & Spas","358","Italian"
"Sacramento Townhomes","269","Legal"
"Safe Harbour Seafood","88","Family Medicine"
"Safegard Mini Storage","69","Dentists"
"Sahuaro Vista Veterinary Clinic","239","Contractors"
"Salem Farm Supply, Inc.","9","Maintenance and Repair"
"Salem Visitor's Center","363","Pizza"
"Salon Charisma","69","Dentists"
"Salon Modeles LLC","69","Dentists"
"Samaritan Village","69","Dentists"
"Sample Pest Control","296","Apartments, Condos, and Houses"
"Samuel T. Bander DDS","29","Colleges and Universities"
"San Croix","4","Car Dealers and Leasing"
"San Tropez","9","Maintenance and Repair"
"Sanderson Stewart","80","Pharmacies"
"Santee Electrical Services LLC","69","Dentists"
"Savarese & Company","69","Dentists"
"Save Energy Co","243","Doors and Windows"
"Saville Royce B PLLC","69","Dentists"
"Schaefer Advanced Dentistry","359","Japanese"
"Schjenken Cabinets LLC","69","Dentists"
"Schorn Eric DDS","444","Office Supplies"
"Scratchy's Auto & Truck Salvage","164","Nurseries and Garden Centers"
"Sea Dwellers Dive Center of Key Largo","69","Dentists"
"Select Vehicle Marketing LLC","4","Car Dealers and Leasing"
"Senn Family and Cosmetic Dentistry: Dr Karen Senn DMD","171","Supermarkets and Groceries"
"ServPro of Amador","363","Pizza"
"ServPro of Carlsbad","10","Oil and Lube"
"ServPro of West Corvina","235","Home Improvement"
"Service by Air","400","Recreation Centers"
"ServiceMaster of Willimantic","69","Dentists"
"Servpro of Mc Allen","69","Dentists"
"Sevening's Lawn & Landscape Services","258","Pest Control"
"Sexy Urbane Apparel","239","Contractors"
"Shadow Ridge","296","Apartments, Condos, and Houses"
"Shamrock Motor Co","69","Dentists"
"Shane Samy DMD PC","291","Real Estate"
"Sharp Bicycles","69","Dentists"
"Sherwood Dental Center: Koen L D DDS","144","Jewelry and Watches"
"Sherwood High School","149","Food and Beverage"
"Shideler Electric, Heating & Cooling","347","Restaurants"
"Shiny Dental","178","Business and Strategy Consulting"
"Shoemakers Truck Station","296","Apartments, Condos, and Houses"
"Shore Road Delicatessen","239","Contractors"
"Shrine Restaurant At MGM Foxwoods","296","Apartments, Condos, and Houses"
"Shun's Wingyard","291","Real Estate"
"Sid & Sons","69","Dentists"
"Sides","291","Real Estate"
"SilverBrick Townhomes","12","Tires"
"Silvertree Dentistry","296","Apartments, Condos, and Houses"
"Simmons Eye Care","239","Contractors"
"Simply Delicious Market Place","69","Dentists"
"Sims Funeral Home Inc","69","Dentists"
"Sioux City Foundry Co.","258","Pest Control"
"Siouxland Community Health Center","296","Apartments, Condos, and Houses"
"Skinner's Gumtown Garage","296","Apartments, Condos, and Houses"
"Sky Zone Indoor Trampoline Park","348","American"
"Sleepy Hollow Sleep Shop","296","Apartments, Condos, and Houses"
"Smart Center Portland","69","Dentists"
"Smart Set Formal Wear","239","Contractors"
"Smile Artist Dentistry","269","Legal"
"Smile Center: Kang Su T DDS","215","Media"
"Smile Design Center","148","Florists"
"Smile South Florida Cosmetic Dentistry","69","Dentists"
"SmileMore Dental PC - John S Yu DDS","364","Seafood"
"SmileRite Family Dentistry","335","Party Centers"
"Smiles Today Dental Group","69","Dentists"
"Smiling Pizza","269","Legal"
"Smith Mountain Lake Regional Chamber of Commerce","98","Pediatricians"
"Smith Steven D","259","Plumbing"
"Snarr Thomas D DDS","77","Counseling and Therapy"
"Sobero Ana M DDS","348","American"
"Soft Touch Dental: Azita Rayet DDS","241","Deck and Patio"
"Solar & Wind FX","296","Apartments, Condos, and Houses"
"Solberg Kirk H DMD","288","Printing, Copying and Signage"
"Sorrel Philips Creek","69","Dentists"
"Sorrento","296","Apartments, Condos, and Houses"
"Sound Solar Systems LLC","191","Water and Waste Management"
"South Bend Family Dental Care: Thiel Jennifer L DDS","9","Maintenance and Repair"
"South Metro Denver Chamber of Commerce","69","Dentists"
"South Ridge","289","Professional Cleaning"
"South Texas Dental Fredericksburg","69","Dentists"
"Southeastern Overhead Door Company Inc","348","American"
"Southern Agriculture Inc","264","Tree Service"
"Southern Oregon Dental Health: Chatfield Jeremy DDS","69","Dentists"
"Southern Oregon Endodontics Pc: Hall Michael C DDS","269","Legal"
"Southern Septic Tank Services","361","Mexican"
"Southern Touch","296","Apartments, Condos, and Houses"
"Southern home comfort","19","Towing"
"Southridge Dental Group","69","Dentists"
"Southwest RV Park","69","Dentists"
"Spark Design","364","Seafood"
"Sparkman Kyle DDS","247","Heating, Ventilating and Air Conditioning"
"Spencer Chiropractic","69","Dentists"
"Spokane Oral and Maxillofacial","170","Sporting Goods"
"Springfield Dental Care","417","Gas Stations"
"St. Augustine Segway Tours","348","American"
"Stapleton Dental","68","Chiropractors"
"Staring Plaza Veterinary Center","69","Dentists"
"State National Bank of Groom","88","Family Medicine"
"Statesboro OB/GYN Specialists PC","69","Dentists"
"Steamatic Of Greater Portland","239","Contractors"
"Stemmed Designs","451","Golf Courses"
"Stephen W. Spelman DDS FAGD","409","Boating"
"Stephen Wagner DDS PC","296","Apartments, Condos, and Houses"
"Sterling Funeral Homes","69","Dentists"
"Steven K. Okamoto DDS","69","Dentists"
"Steven Tidwell DDS","275","Manufacturing"
"Stewart Tire & Auto Service","80","Pharmacies"
"Stock Darrell K Atty PC LLO","272","Insurance"
"Stone Canyon","293","Real Estate Agents"
"Stonecreek Club Apartment Homes","239","Contractors"
"Stonegate Medical Dr Sarwat Khawar MD FACP","83","Physicians"
"Stoneridge Apartments","221","Banking and Finance"
"Stratford Orthodontics","296","Apartments, Condos, and Houses"
"Stringer Dale E DDS","69","Dentists"
"Stuart's House Of Vacuums","242","Sewer"
"Studio Dentistry","80","Pharmacies"
"Sturwood Hamlet Apartments","257","Painting"
"Subaru of Spokane","220","Accounting and Bookkeeping"
"Sugar Creek Brewing Company","4","Car Dealers and Leasing"
"Summerbrook Dental Group","296","Apartments, Condos, and Houses"
"Summerlin Dental: Murray Gordon J DDS","296","Apartments, Condos, and Houses"
"Summit Clean & Resotration","280","Beauty Salons and Barbers"
"Summit Clean & Restoration","221","Banking and Finance"
"Summit Dental Group Southwest","248","Home Appliances"
"Summit Orthodontics: Dr. Michael E Thompson","298","Building and Land Surveyors"
"Summit Ridge Apartments","2","Automotive"
"Sumthin' To Eat","296","Apartments, Condos, and Houses"
"Sun Sweet Market","296","Apartments, Condos, and Houses"
"Sun Valley Gardens","69","Dentists"
"SunDANCE Office Supply","296","Apartments, Condos, and Houses"
"Sunkissed Hair Design","69","Dentists"
"Sunnyside Cycles","296","Apartments, Condos, and Houses"
"Sunset Cove","69","Dentists"
"Sunset Park Children's School","4","Car Dealers and Leasing"
"Super Smiles: Meraz Randolph R DDS","272","Insurance"
"Superior Dental Health - Lincoln","385","Gyms and Fitness Centers"
"Superior Imports","69","Dentists"
"Supervac Of Lincoln","238","Carpet and Flooring"
"Sustainable Ozarks Partnership","233","Funeral Services"
"Suter Orthodontics","348","American"
"Swap & Shop Center","242","Sewer"
"Sycamore Dental Practice","129","Bicycles"
"T J EBAUGH & SONS INC","69","Dentists"
"TD Bank","129","Bicycles"
"TRP CPAs, PLLC","4","Car Dealers and Leasing"
"Tacos Grand Central","251","Interior Design"
"TacosGrandCentral2","259","Plumbing"
"Tailored Living featuring PremierGarage of Central Kentucky","69","Dentists"
"Tallmon Jewelers Inc","69","Dentists"
"Tam's Takeout","296","Apartments, Condos, and Houses"
"Tamer Michiel DDS","195","Creative Services"
"Tampa Family Health Centers","69","Dentists"
"Tanglewood","272","Insurance"
"Tanna Orthodontics","144","Jewelry and Watches"
"Tanya L. DeSanto DDS","296","Apartments, Condos, and Houses"
"Tarheel Media Solutions","305","Veterinarians"
"Taylor Ridge Apartments","296","Apartments, Condos, and Houses"
"Tech Inc","69","Dentists"
"TelEfficient","6","Car Parts and Accessories"
"Temp Coat","83","Physicians"
"Tender Hearts Home Care Services","239","Contractors"
"Terrace Heights Apartments","177","Businesses and Services"
"Terracon Consultants, Inc.","69","Dentists"
"Terry Melvin & Simmie","285","Spas"
"Texas Eastern Gas Pipeline","227","Loans and Mortgages"
"Thai 86 Cafe","69","Dentists"
"The Berkeley at Medford Pointe","247","Heating, Ventilating and Air Conditioning"
"The Best of NY Food","288","Printing, Copying and Signage"
"The Bike Route","69","Dentists"
"The Bristol","69","Dentists"
"The Children's Community Programs of CT Inc","258","Pest Control"
"The Collision Center","83","Physicians"
"The Continuum","157","Furniture and Decor"
"The Crest","361","Mexican"
"The Daily Herald","4","Car Dealers and Leasing"
"The Dance Center","69","Dentists"
"The Denver Dog Training CO LLC","69","Dentists"
"The Element","312","Bars"
"The Facial Surgery Center","178","Business and Strategy Consulting"
"The Fountains","296","Apartments, Condos, and Houses"
"The Gallery","69","Dentists"
"The Garden District","69","Dentists"
"The Giovanna","264","Tree Service"
"The Glassman","296","Apartments, Condos, and Houses"
"The Greens West","69","Dentists"
"The Hamptons Luxury Apartments","296","Apartments, Condos, and Houses"
"The Hamptons at Research Triangle Park","16","Sales"
"The Harris Family Law Firm","69","Dentists"
"The Highlands","6","Car Parts and Accessories"
"The Isles Of Gateway","69","Dentists"
"The Ivy Towns and Flats","289","Professional Cleaning"
"The Kitchen Shop","239","Contractors"
"The Landings At Oak Hill","239","Contractors"
"The Learning Experience","245","Fences, Fireplaces and Garage Doors"
"The Legacy At Arlington Center","47","Organizations and Associations"
"The Lexington","69","Dentists"
"The Lunch Box Spot","436","Hotels and Motels"
"The MacMentor","296","Apartments, Condos, and Houses"
"The Marquis At Vista Ridge","363","Pizza"
"The Oslo","69","Dentists"
"The Palms At Shoreview","242","Sewer"
"The Park at Walkers Ranch","69","Dentists"
"The Piano Place","194","Advertising Agencies and Media Buyers"
"The Preserve Apartments","238","Carpet and Flooring"
"The Preserve At Godley Station","385","Gyms and Fitness Centers"
"The Prodigal Company","69","Dentists"
"The Randolph Arms","296","Apartments, Condos, and Houses"
"The Rubix","69","Dentists"
"The Sapphire at Nassau Bay","239","Contractors"
"The Schuster Center","69","Dentists"
"The Shed Emporium","204","Agriculture and Forestry"
"The Sovereign Apartments","123","Retail"
"The Stack at Legacy Point","69","Dentists"
"The Sutherland Bar","133","Computers and Electronics"
"The Timbers","69","Dentists"
"The Underground Detective","66","Facilities and Nursing Homes"
"The Verandas","239","Contractors"
"The Village At Lake Wylie","239","Contractors"
"The Village Mission Valley","298","Building and Land Surveyors"
"The Villages at Paso Real","264","Tree Service"
"The Woodhouse Day Spa - Fort Wayne, IN","272","Insurance"
"Third Avenue Quick Stop","296","Apartments, Condos, and Houses"
"Thomas Capsey DMD","269","Legal"
"Thomas F Yoho DDS","296","Apartments, Condos, and Houses"
"Thornley Oil Co","296","Apartments, Condos, and Houses"
"Thrasher-Horne Center for the Arts","69","Dentists"
"Thresher Orthodontics: Thresher Alfred A DDS","259","Plumbing"
"Tickner Tree & Landscape","296","Apartments, Condos, and Houses"
"Timber Ridge Apartment Homes","69","Dentists"
"Timberline Archery Bait & Tackle","167","Pets"
"Times Square Pizzeria (Walmart)","66","Facilities and Nursing Homes"
"Timothy Delaney DDS","296","Apartments, Condos, and Houses"
"Timothy Woods","69","Dentists"
"Tinseltown Animal Hospital","293","Real Estate Agents"
"Toast POS of Texas","69","Dentists"
"Todco Beverage & Mechanical","269","Legal"
"Todd W. Hohlen DDS","247","Heating, Ventilating and Air Conditioning"
"Todd's Nursery","9","Maintenance and Repair"
"Tom Hunter Septic Tank Service Inc.","69","Dentists"
"Tony Nelson's King of Philly Cheese Steaks","69","Dentists"
"Tooth Booth Pediatric Dentistry","69","Dentists"
"Tooth Time- Dentistry for Kids","69","Dentists"
"Top Rail","69","Dentists"
"Toro Bowl Bistro and Bar","305","Veterinarians"
"Town & Country Construction Co","296","Apartments, Condos, and Houses"
"Town Center Dental","296","Apartments, Condos, and Houses"
"Town and Country Dental","296","Apartments, Condos, and Houses"
"Towne Square","69","Dentists"
"Townsend Orthodontics","261","Roofers"
"Townsend Real Estate","69","Dentists"
"Tracy O Strom","69","Dentists"
"Traditional Shorin-Ryu Karate-Do of Raleigh","69","Dentists"
"TrailerCraft/Freightliner of Alaska","69","Dentists"
"Trails Of Timber Creek","69","Dentists"
"Trainers Choice Vitamins Supplements and Nutritional Products","348","American"
"Treasure Valley Endocrinology","4","Car Dealers and Leasing"
"Tree Service of San Antonio","69","Dentists"
"Triple M Stable LLC","247","Heating, Ventilating and Air Conditioning"
"Triple T Septic Service","293","Real Estate Agents"
"Tronolone & Surgalla PC","191","Water and Waste Management"
"Troop Industrial","69","Dentists"
"Truly Nolen Pest Control Termites","348","American"
"Tucker Psychiatric Clinic","69","Dentists"
"Tuesday Morning","69","Dentists"
"Tulsa Sod & Mulch Inc","296","Apartments, Condos, and Houses"
"Tuttle Family Dentistry","299","Commercial Real Estate"
"Twelve Thousand Edgewater","9","Maintenance and Repair"
"Twin Dragon Mongolian Bar-B-Que","52","Public and Social Services"
"Twist Office Products","280","Beauty Salons and Barbers"
"UNITED FRAMING COMPANY, INC.","69","Dentists"
"Udell Engineering & Land Surveying LLC","296","Apartments, Condos, and Houses"
"Ultra Services Remodeling","296","Apartments, Condos, and Houses"
"Uncle Peter's","69","Dentists"
"United Ag Cooperative","239","Contractors"
"United Carpet One","288","Printing, Copying and Signage"
"United Community Bank","296","Apartments, Condos, and Houses"
"United Community Health Center: Johnson Victoria L DDS","69","Dentists"
"United Way of Citrus County","280","Beauty Salons and Barbers"
"University Garden Apartments","239","Contractors"
"University of Louisville Dental: Kushner George M DDS","296","Apartments, Condos, and Houses"
"University of South Florida- Sarasota Manatee","9","Maintenance and Repair"
"Unknown company","233","Funeral Services"
"Unthank Design Group","69","Dentists"
"Uribe Refuse Services Inc","6","Car Parts and Accessories"
"VA Medical Center-Dallas: Griffiths Garth R DDS","93","Obstetricians and Gynecologists"
"VA Medical Center-Roseburg: Ferguson David K DDS","296","Apartments, Condos, and Houses"
"VA Medical Center-West Haven: Karpas Steven L DDS","155","Health and Diet Food"
"VIOLA STORAGE","298","Building and Land Surveyors"
"VIP Dentistry by David S. Han DDS","296","Apartments, Condos, and Houses"
"Va Long Beach Health Care Sys: Davis Stephen B DDS","69","Dentists"
"Va Long Beach Health Care Sys: Mccann Aaron T DDS","296","Apartments, Condos, and Houses"
"Vaholl Vapors","150","Beer, Wine and Spirits"
"Val Verde Dental","307","Wholesale"
"Valencia","243","Doors and Windows"
"Valentino Lawncare","69","Dentists"
"Valley Building Center","348","American"
"Valley Equipment","212","Employment Agencies"
"Valley Honda Naperville/Aurora","69","Dentists"
"Valley Janitor Supply","348","American"
"Van Buskirk and Krischke Dds, Llc","6","Car Parts and Accessories"
"Vann York Toyota","296","Apartments, Condos, and Houses"
"Vantaggio HR Ltd","239","Contractors"
"Vapourganics","69","Dentists"
"Vater's Lawn Care & Landscape Services LLC","296","Apartments, Condos, and Houses"
"Velocity Aqua Sports","298","Building and Land Surveyors"
"Velvet Cream","269","Legal"
"Venezia Family Restaurant","69","Dentists"
"Venice Cleaning Service","296","Apartments, Condos, and Houses"
"Ventana Canyon","194","Advertising Agencies and Media Buyers"
"Veridian Townhomes","69","Dentists"
"Verve Wellness Center","245","Fences, Fireplaces and Garage Doors"
"Vig's Health Food Store","225","Financial Planning and Investments"
"Villa Camarillo","352","Chinese"
"Villa Como Inc.","296","Apartments, Condos, and Houses"
"Villa D'Aqua","69","Dentists"
"Villa Del Rio Apartments","253","Landscaping and Gardeners"
"Village At Haddonfield","296","Apartments, Condos, and Houses"
"Village of Olde Hickory","272","Insurance"
"Villas at Sundance Cove Townhomes","4","Car Dealers and Leasing"
"Villere's Florist","74","Hospitals, Clinics and Medical Centers"
"Virgil's Kitchens & Baths Inc","363","Pizza"
"Virginia Business Systems","69","Dentists"
"Virginia Capital Realty","247","Heating, Ventilating and Air Conditioning"
"Virginia Vacuums","296","Apartments, Condos, and Houses"
"Visiting Angels","69","Dentists"
"Visiting Angels Living Assistance Services","296","Apartments, Condos, and Houses"
"Vital Life Chiropractic","69","Dentists"
"Vivian Kwon DDS","98","Pediatricians"
"WDC Concrete Inc","272","Insurance"
"WDI Companies Inc","183","Petroleum"
"WH Preuss Sons","293","Real Estate Agents"
"WK Pilates","191","Water and Waste Management"
"WRIC - Health Connections","69","Dentists"
"Wagner Johnson Rasmus Kuntz","69","Dentists"
"Wallace Paul DDS","239","Contractors"
"Walnut Grove Dental","296","Apartments, Condos, and Houses"
"Warren County Service Center","69","Dentists"
"Washington Gardens","296","Apartments, Condos, and Houses"
"Waste Management","45","Military"
"Waterford Place","296","Apartments, Condos, and Houses"
"Watermark Home Loans","239","Contractors"
"Waterside Apartments","69","Dentists"
"Waterstone at Moorpark","379","Dance"
"Waterview Apartments","296","Apartments, Condos, and Houses"
"Weatherby-Eisenrich Agency","296","Apartments, Condos, and Houses"
"Webster County Memorial Hospital","143","Clothing and Accessories"
"Wegrzyn Dental Group","69","Dentists"
"Wellmore, Inc.","296","Apartments, Condos, and Houses"
"Wells Mortuary Inc","272","Insurance"
"West Eighteenth","285","Spas"
"West Insurance","68","Chiropractors"
"West Pacific Dental: Keffeler Julie A DDS","69","Dentists"
"West Ranch Dental Center","47","Organizations and Associations"
"Westbrook Crossing","296","Apartments, Condos, and Houses"
"Westchester Reproductive Medicine","69","Dentists"
"Western Extermination Services","164","Nurseries and Garden Centers"
"Western Piping & Supply","69","Dentists"
"Westgate Gardens","69","Dentists"
"Westminster; Presbyterian Church-EPC","158","Gift and Novelty"
"Westside Endodontic Pros Ltd","239","Contractors"
"Whiskey Row Screen Printing","9","Maintenance and Repair"
"Whispering Lake","188","Security and Safety"
"Whistlebury Walk","69","Dentists"
"White's Farm Supply","144","Jewelry and Watches"
"Whitfield Electric Motor Sales & Services","69","Dentists"
"Whitlow Dental Care","69","Dentists"
"Whole Life Inc","296","Apartments, Condos, and Houses"
"Wiley M. Elick, DDS, Inc.","66","Facilities and Nursing Homes"
"Wilkirson Hatch Bailey Funeral Homes","69","Dentists"
"Will's Jewelers Inc","272","Insurance"
"Willamette Dental Group: Wagner Charles A DDS","83","Physicians"
"William C Hofstetter Atty","75","Medical Supplies and Labs"
"William Day Real Estate Inc","296","Apartments, Condos, and Houses"
"Williams James A","69","Dentists"
"Williams Ready-Mix Products Inc.","296","Apartments, Condos, and Houses"
"Wilson's Towing","69","Dentists"
"Winbak Farms LLC","69","Dentists"
"Windmill Cove","66","Facilities and Nursing Homes"
"Window Genie of Northwest New Jersey","69","Dentists"
"Window Genie of Southwest Indianapolis","66","Facilities and Nursing Homes"
"Windsor Dental Care","16","Sales"
"Winter Park Land Company","69","Dentists"
"Wise Home Improvements","66","Facilities and Nursing Homes"
"Wm. C. Ellis & Sons Iron Works, Inc.","296","Apartments, Condos, and Houses"
"Wolf Creek Apartments","188","Security and Safety"
"Wolf Family Dentistry","296","Apartments, Condos, and Houses"
"Wolfe's Automotive Service","6","Car Parts and Accessories"
"Won-A-Go Biking","417","Gas Stations"
"Wood River Health Services Inc: Boatright Roberta N DDS","246","Hardware and Services"
"Woodall's Pump Sales & Service","69","Dentists"
"Woodbridge Group","296","Apartments, Condos, and Houses"
"Woodland Grove","69","Dentists"
"Woodland Hills Apartments","296","Apartments, Condos, and Houses"
"Worthington","347","Restaurants"
"Wright and Calvey Funeral Home","69","Dentists"
"Wu and Wu: Wu Kevin H DDS","288","Printing, Copying and Signage"
"Wyandotte Apartments","296","Apartments, Condos, and Houses"
"Wyatt Richard L","288","Printing, Copying and Signage"
"Wyoming Sugar Company","93","Obstetricians and Gynecologists"
"Y & Y Services","69","Dentists"
"Yamaha Kawasaki of Florence","69","Dentists"
"Yampa Valley Community Foundation","239","Contractors"
"Yankee Clock Peddler","190","Textiles"
"Yogi's Transmission & Repairs","296","Apartments, Condos, and Houses"
"York Apartments","204","Agriculture and Forestry"
"Young W. Chung DDS","69","Dentists"
"Zalsman Jr Harvey DDS","69","Dentists"
"Zapote Mexican Restaurant & Grill","379","Dance"
"Zaruhi Shahbazyan DDS","69","Dentists"
"Zeko's Pizzeria And Grill","69","Dentists"
"asdf","69","Dentists"
"cole de conduite Tecnic Chomedey","69","Dentists"
"d1982 Ltd","258","Pest Control"
"dr.samir tadha","75","Medical Supplies and Labs"
"dyna body by lee","69","Dentists"
"expert plumbing contractor","296","Apartments, Condos, and Houses"
"just kids pediatric dentistry","289","Professional Cleaning"
"micheal Ray Martin DDS","69","Dentists"
"new company name 3","69","Dentists"
"no-available-company-name","69","Dentists"
"the flower basket","69","Dentists"
